ref,hyp,wer,has_latin,has_digit
ان کے دور میں خفیف تلو ث ایزا مسئلہ نہیں تھا جیسا کہ وہ آج ہے ان کی سکونت ایسے شہروں یا حوزات میں ہے جہا ں تک بآسانی پہنچا جا سکتا ہے بہ نسبت ان مقامات کے جو ماڈرن زمانے میں تعمیر کئے گئے,ان کے دور میں خفیب تلویس ایزا مسئلہ نہیں تھا جیسا کہ وہ آج ہے ان کی سقونت ایسے شہروں یا حوزات میں ہے جہاں تک بہسانی پہنچا جا سکتا ہے بہنسبتین مقامات کے جو مادرن زمانے میں تعمیر کیے گئے,0.26666666666666666,False,False
فلپائنی فوٹوگرافروں کے ساتھ چھےاغوا شدگان کو جلد رہا کر دیا گیا تھا ج ن میں بچ ے اور ب وڑھے شامل تھے,پیل پائنی فورٹو گرافروں کے ساتھ چھے اگوہ شدگان کو جل رہا کر دیا گیا تھا چین میں بچوں اور بڑے شاہوں ملتے,0.6521739130434783,False,False
اس کے لانبے جبڑوں میں 70 سے زیادہ استرے سے تیز دانت جڑے تھے اور اسی کے ساتھ اس کے منہ کے تالو میں دانتوں کی ایک مزید لڑی تھی اس کے معنی یہ ہیں کہ اس کے راستہ میں آنے والی کوئی شے اس سے بھاگ نہیں سکتی,اس کے لام بے جھبڑوں میں ستر سے زیادہ اثر سے تیستان چھوڑے تھے اور اس کے ساتھ اس کے مو کے تالوے میں داتوں کی ایک مزید لڑی تھی اس کے مائے نے یہ ہے کہ اس کے راستے میں آنے والا کوئی شے اس سے بھاگ نہیں سکتی,0.3469387755102041,False,True
اکتوبر میں شروع ہونے والے حکومت مخالف مظاہروں پر مارٹیلی کا ردعمل کمیشن تھا,اکتوبر میں شروع ہونے والے حکومت مخالف مظاہر اور پرمایٹلی کا ردیمل کمیشن تھا,0.2857142857142857,False,False
ہسپتال نے انفیکشن پر قابو پانے کے لیے پروٹوکول کی تقلید کی ہے جس میں مریض کو دیگر سے علیحدہ کرنا شامل ہے تاکہ دیگر افراد کے ممکنہ انفیکشن سے بچا جا سکے,حسبتال نے انفیکشن پر کابو پانے کے لئے پروٹاکول کی تقلیب کی ہے جس میں مریز کو دیگر سے علیادہ کرنا شاملے تاکہ دیگر افراد کے ممکنہ انفیکشن سے بچا جا سکے,0.2727272727272727,False,False
یہ سمجھدار معلوم ہوتا ہے کیوں کہ زمین ایسا محسوس نہیں کرتی ہے کہ جیسے وہ حرکت کررہی ہے کیا ایسا کرتی ہے,یہ سمجھتار معلوم ہوتا ہے کیونکہ زمین ایسا محسوس نہیں کرتی ہے کہ جیسے وہ حرکت کر رہے ہیں کہ ایسا کرتی ہے,0.30434782608695654,False,False
ا تاوا کناڈا کی دلکشی دو زبانی دارالحکومت ہے اور وہاں متعدد آرٹ گیلریاں اور عجائب گھر ہیں جو کناڈا کے ماضی اور حال کی عکاس ہیں,اتوا کہنڈا کی دلکشی دو زبانی دار حکومتے اور وہاں متعدد آرٹ کالویاں اور اجائب کھار ہیں جو کہنڈا کے ماضی اور حال کی اکاس ہیں,0.37037037037037035,False,False
جو کوئی اونچے ارض البلد میں گاڑی چلانے جا رہا ہو یا پہاڑیوں سے گزر رہا ہو انہیں ممکنہ برف باری آئس یا منجمد کرنے والے درجہ حرارت کا خیال رکھنا چاہئے,جو کوئی ا نچھے ارزل پتل میں کاری چھلانے جا رہا ہو یا پہاڑوں سے گزر رہا ہو انہیں ممکنہ برف پاری آئیس یا مجھے میت کرنے والے ترچے حرارت کا خیال رکھنا چاہیے,0.40625,False,False
آپ کے ہاتھ پر موجود نمی بیرونی سطح کے خلاف ردعمل ظاہر کرے گی جس سے سنسناہٹ سی محسوس ہو گی اور ایک خول نما شئے بنا دے گی,آپ کے ہاتھ پر موجود نمی بیرونی ستح کے خلاف ردیمل ظاہر کرے گی جس سے سنس نحر سے محسوس ہو کی ایک قول نماشے بناتے گی,0.41379310344827586,False,False
بالی میں دیگر ایجنڈے میں دنیا کے باقی ماندہ جنگلات کا تحفظ اور کم آلودگی کے طریقے سے ترقی کرنے کیلئے ترقی پذیر ممالک کے ساتھ ٹیکنالوجز کا اشتراک کرنے کا موضوع شامل کیا گیا,بالی میں دیگر ایجانڈے میں دنیا کے باقی ماندہ جنگلات کا تحافظ اور کم آلوڈگی کی طریقے سے ترقی کرنے کے لئے ترقی پزی ممالی کے ساتھ ٹیکنولوجیز کا اشترا کرنے کا موصوع شامل کیا گیا,0.3142857142857143,False,False
اٹلانٹک ہریکین سیزن کے دسواں نامی طوفان سب ٹراپیکل اسٹارم جیری آج بحراوقیانوس میں بن گیا,اٹلاڈنٹک ہرکن سیزن کے دستمہ نامی توفان سب ٹروپکال اسٹرون جوری آج بہرہ وکی آنوز میں بن گیا,0.625,False,False
آسٹریلیا کے مائیکل گورلی نے مردوں کے اسٹینڈنگ سوپر جی میں گیارہواں مقام حاصل کیا جب کہ مردوں کے سیٹنگ سوپر جی میں چیک کے حریف اولڈریچ جیلنیک چھٹے مقام پر رہے,اسٹینٹنگ سوپر جی میں 11 مقام حاصل کیا جبکہ مدو کے اسٹینٹنگ سوپر جی میں چیک کے حریف اولڈریج چیلننگ چھوٹے مقام پر رہے,0.5,False,False
بکریوں کو غالبا سب سے پہلے ایران کے زغروز پہاڑوں میں قریبا 10 000 سال پہلے گھروں میں پالا گیا,بکریوں کو گالبن سب سے پہلے ایران کے زگروز پہاڑوں میں قریبا دس ہزار سال پہلے خاروں میں پہلے گیا,0.3,False,True
جس عہد میں یہ واقعات پیش آئے اسے عام طور پر 11ویں 12ویں اور 13ویں صدی 1000 1300عیسوی میں یوروپی تاریخ عہد کا قرون وسطی کہا جاتا ہے,جس اہد میں یہ واقعات پیش آئے اسے عام طور پر گیار بے بار بی اور تیر بی سدی میں یورپی تاریخ اہد کا خورون وصدی کہا جاتا ہے,0.4642857142857143,False,True
ایلویس بنیادی طور پر دو یا دو سے زیادہ دھاتوں کا مرکب ہوتا ہے یہ مت بھولئے کہ کیمیائی دوری جدول پر بہت سے عناصر موجود ہوتے ہیں,ایلویس بنیادی طور پر دو یا دو سے زادہ دھاتوں کا مرکب ہوتا ہے یہ مد فہلے کی کیمیائی دوری ہے جدول پر بہت سے اناصر موجود ہوتے ہیں,0.21428571428571427,False,False
اس نے مزید کہا کہ تاہم ان سے اس ذمہ داری کا نا پوچھا جائے جو ان کی ترقی کے مرحلے فرض اور صلاحییتوں سے آگے بڑھ گئے ہیں,تاہم اس نے مزید کہا کہ ان سے اس دیمداری کا نہ پوچھا جائے جو ان کی ترکی کے مرحلے فرز اور سلاحیتوں سے آگے بڑھ گئے ہیں,0.27586206896551724,False,False
بلاگ طلبہ کی تحریری قابلیت کوبھی بہتر بنا سکتے ہیں طلبہ اپنی بلاگ نویسی کی شروعات گرامر اور اسپلنگ کی غلطیوں سے کرتے ہیں سر انجام بلاگ خوانوں کی جماعت اسے درست کر دیتی ہے,بلوگ تلبہ کی تہریری کابلیت کو بھی بہتر بنا سکتے ہیں سلبہ اپنی بلوگ نویسی کی شروعات گرامر اور سپلنگ کی گلتیوں سے کرتے ہیں سرنجام بلوگ خوانوں کی جماعت اسے دروست کر دیتی ہے,0.4,False,False
فوٹوگرفرس بعد میں اس بوڑھی عورت کی جگہ بیٹھ گئے جو رفع حاجت کے لئے گئی مینڈوزا کو گولی مار دی گئی,فورٹو گرافرز بعد میں اس پوری عورت کی جگہ بیٹ گئی جو رفہ حاجت کے لئے گئی مینڈوزہ کی کو گولی مارتی گئی,0.45454545454545453,False,False
ان کے یہاں عموما مخصوص اطعمہ مشروبات اور ترفیہات کی آفرس ہوتی ہیں تاکہ مہمانوں کا موڈ اچھا رہے اور وہ اس مقام پر قیام کرتے رہیں,ان کے یہاں امامر مقصوص اتامہ مشروبات اور ترفیحات کی افرص ہوتی ہیں تاکہ محمنوں کا مد اچھا رہے اور وہ اس مقام پر قیام کرتے رہے ہیں,0.3333333333333333,False,False
اسکیئنگ روٹ کے بارے میں اسی طرح سوچو جس طرح ہائکنگ یا پیادہ روی کے روٹ کے بارے میں,اسکینگ روٹ کے بارے میں اس طرحا سوچو جس طرح حائکنگ یا پیادہ روی کے بارے میں,0.3157894736842105,False,False
اولیور سیکس نے اپنے اخبار دی پریزیڈنٹ اسپیچ میں اشارہ دیا کہ ایسے افراد جو دماغ میں نقص ہونے کی وجہ سے بات چیت سمجھنے کے قابل نہیں ہوتے ہیں وہ کیسے اخلاص کا درست طریقے سے اندازہ لگانے کے قابل ہیں,اور لیور سیکس نے اپنے خبار دی پردرنٹ اسپیچ میں اشارتیا کہ ایسے افراد جو دیماک میں نقص ہونے کی وجہ سے بات چیت سمجھنے کے قابل نہیں ہوتے ہیں وہ کیسے اخلاس کا دروس طریقے سندازہ لکانے کے قابل ہیں,0.2857142857142857,False,False
اوپر صاف خوبصورت آسمان اور آس پاس کی بہت سی پہاڑیوں کے علاوہ کچھ بھی نظر نہیں آتا تھا اس دنیا کے بارے میں غار سے بہت ہی کم دیکھا یا سنا جاسکتا تھا,اک پر ساف خوبصورت آثمان اور راس پاس کے بہت سی پہاڑیوں کے علاوہ کچھ بھی نظر نہیں آتا تھا اس دنیا کے بارے میں گار سے بہت ہی کم دیکھا یا سنا جا سکتا ہے,0.29411764705882354,False,False
ان جوڑوں کو اپنے بچ ے کے لیے ایک ایڈاپشن پلان بنانے کا انتخاب کرنا پڑے گا,ان جوڑوں کو اپنے بچے کے لیے ایک اڈاپشن پلان بنانے کا انتخاب کرنا پڑے گا,0.17647058823529413,False,False
سندربن دنیا کا سب سے بڑا ساحلی مینگروو بیلٹ ہے جو ساحلی علاقے سے بنگلادیشی اور ہندوستان کے دور افتادہ پسماندہ علاقے میں 80 کیلو میٹر 50 میل تک پھیلا ہوا ہے,سندھر بن دنیا کا سب سے بڑا ساہیلی مینگ رو بیلٹ ہے جو ساہیلی علاقی سے بنگلہ دیشور ہندوستان کے دور افتدہ پاسماندہ علاقے میں 80 کلومیٹر یعنی 50 ملٹ پھیلہ ہوا ہے,0.5,False,True
قرون وسطی کے آخر میں مغربی یوروپ نے اپنے طرز کو ترقی دینا شروع کیا اس وقت کی سب سے بڑی ترقیوں میں سے ایک کا وجود صلیبی لوگوں کے کپڑے کو جکڑنے کیلئے بٹن کے استعمال کے چلن کو عام کرنا تھا,کارونے وستی کے آخر میں مغربی اور اپنے اپنے ترس کو ترکی دینہ شروع کیا اس وقت کی سب سے بڑی ترکیوں میں سے ایک کا وجود سے لیبی لوگوں کی کپڑوں کو جو کرنے کے لیے بٹن کے استعمال کے چلن کو عام کرنا تھا,0.37209302325581395,False,False
ان کے منظم دفاع بال ہینڈلنگ کی مہارت اور عمدہ ٹیم ورک نے انھیں پامردی سے کھڑے ہونے کا حوصلہ دیا اور یہ بات واضح ہوگئی کہ یہی ٹیم شکست دینے والی ہے,ان کے منظم دفعہ بال ہینٹلنگ کی محارت اور امدہ ٹیم ورک نے انے پامردی سے کھڑے ہونے کا حاصلہ دیا اور یہ بات واضح ہو گئی کہ یہی ٹیم شکست دینے والی ہے,0.24242424242424243,False,False
کاسا بلانکا پورس مراکش میں خریداری کرنے کے لئے سب سے کم پسندیدہ مقامات میں سے ایک ہے,کاسہ بلانکہ پورس مراکش میں خریداری کرنے کے لئے سب سے کم پسندیدہ مقامات میں سے ایک ہے,0.1111111111111111,False,False
اس ویلز نے در اصل شروع سے ہی ہم سے جھوٹ بولا سب سے پہلے تو اس طرح کے اقدام کرکے جیسے یہ قانونی وجوہات سے ہو دوسرے نمبر پر یہ ظاہر کرکے کہ وہ ہماری بات سن رہا ہے بالکل اپنے حذف کرنے کے فن کی طرح,اس نے درستہ شروع سے ہی ہم سے جھوٹ بولا سب سے پہلے تو اس طرح کے اقدام کر کے جیسا یہ قانونی وجہوحاظ سے ہو دوسرے نمبر پر یہ ظاہر کر کے وہ ہماری باس سن رہا ہے بلکہ اپنے حضف کرنے کی فن کی طرح,0.2708333333333333,False,False
جب لٹیروں کی ٹولیاں سڑکوں پر گھوم رہی تھیں اور کنزیومر گوڈس کے اسٹورس کو لوٹ رہی تھیں تو ایک مشاہد نے کہا کہ بشکیک لا قانونیت کی حالت میں غرق ہو رہا ہے,جب لوٹیرہ کی تولیہ سڑکوں پر گھوم رہی تھی اور کنزیومر گرٹس کے سٹور کو لوٹ رہی تھی تو ایک مشاہد نے کہا کہ بشکی کلا کانمیت کی حالت میں گرک ہو رہا ہے,0.29411764705882354,False,False
لیکن ان چڑیوں کی نسبت سے بہت سی باتیں جو ڈایناسور جیسی لگتی ہیں,لیکن انچوڈیو کی نسبت سے بہت سی باتیں جو دینسور جیسی لگتی ہیں,0.21428571428571427,False,False
رومانویت میں ثقافتی عزم کا ایک بہت بڑا عنصر ہوتا ہے جو گوئٹے گوتلیب فشتے اور ش لیجل جیسے قلمکاروں سے اخذ کیا گیا ہے,رومانویت میں سقافتی عظم کا ایک بہت بڑا انسر ہوتا ہے جو گویٹے کو تلیف فشتے اور شلیجل میں جیسے کلمکاروں سے اکھچ کیا گیا,0.44,False,False
حادثہ ہونے کے بعد گبسن کو ایک ہسپتال تک پہنچایا گیا مگر وہ ک چھ دیر بعد ہی مرگیا,ہاتھ سا ہونے کے بعد گپسن کو ایک حسپتال تک پہنچایا گیا مگر وہ کچھ در بعد ہی مر گیا,0.47368421052631576,False,False
یہ خدمت اکثر شپنگ بشمول تفریحی کشتی نیز مہم جوؤں کے ذریعے استعمال ہوتی ہے جن کو دور کی معلومت اور آواز کی ضرورت ہوتی ہے,یہ خدمت اکثر شپنگ باشمول تفریہی کشتی نیز مهم جووں کی سری استعمال ہوتی ہے جن کو دور معلومت اور آواز کی ضرورت ہوتی ہے,0.2692307692307692,False,False
اس سائٹ کے ساختوں پر نشان لگا کر یا گرافیٹی کھرچ کر اسے مسخ نہ کریں,اس سائٹ کے ساکتوں پر نشان لگا کر یا گرافٹی خرش کر اسے مساک نہ کریں,0.25,False,False
مداگاسکر انتہائی بڑا ہے اور جب بات جنگلی حیات کی آتی ہے تو وہ بذات خود ایک برہ اعظم ہے,بڑک آسکر انتہائی بڑا ہے اور جب بات جنگلی حیات کی آتی ہے تو بڑھ ساتھیں خود بڑھ رہے آزم ہے,0.35,False,False
زیر آب ٹوپولوجی کی وجہ سے واپسی کی رفتار چند گہرے سیکشن پرمرکوز ہوتی ہے اور گہرے پانی میں تیز کرنٹ پیدا ہوسکتا ہے,زیرہ اپٹوپولوجی کی وجہ سے واپسی کی رفتار چند گہرے سیکشن پر مرکوز ہوتی ہے اور گہرے پانی میں دیس کرن پیدا ہو سکتا ہے,0.375,False,False
حکمران جماعت ساوتھ ویسٹ افریقہ پیپلز آرگنائزیشن ایس ڈبلیو اے پی او نے بھی پارلیمانی الیکشنز میں اپنی اکثرییت برقرار رکھی,حکمرانے جماعت ساوت ویسٹ اور فیقہ پیلز ارگانیزیشن ایر دویو ایپی اونے بھی پارلی مانی الیکشنز اپنی اکسریت برکرہ رکھی,0.7619047619047619,False,False
آخرکار ہہت سی چھوٹے قد کی بلیاں بشمول گھریلو بلیوں کے جو بڑی تعداد میں پائے جانے والے کیڑوں مکوڑوں اور چوہوں کو کھا جاتی ہیں,آخر قار بہت سی چھوٹی قد کی بلنیاں بشمول اور خاریلو بلنیاں کے جو بڑی تعداد میں پائے جانے والے کیڑا مکوڑوں اور چوں کو کھا سکتی ہے,0.46153846153846156,False,False
یہ تحقیق پرندوں میں پروں کے ارتقاء کا ادراک بھی فراہم کرتی ہے,یہ تحقق پرندوں میں پروں کے ارتکا کی ادراک بھی فرحام کرتی ہے,0.3076923076923077,False,False
تاہم یہ صحیح نہیں ہے اگرچہ دستاویز کی پشت پر کچھ لکھا ہوا ہے لیکن یہ خزانے کا نقشہ نہیں ہے,حطہ ہم یہ صحیح نہیں ہے اگر جو دستا ویزاد کی پشت پر کچھ لکھا ہوا ہے لیکن یہ خزانے کالکشن نہیں ہے,0.38095238095238093,False,False
نیوی کا روایتی کام اس بات کو یقینی بنانا ہے کہ آپ کا ملک اپنے لوگوں اور سازو سامان کے نقل و حمل کی صلاحیت کو برقرار رکھ پائے جبکہ اسی اثناء میں آپ کے دشمن کی جانب سے اپنے لوگوں اور سازو سامان کی نقل و حمل کی صلاحیت میں رخنہ بھی ڈال سکے,نیوی کا ریوائتی کام اس بات کو یقینی بنانا ہے کہ آپ کا ملک اپنے لوگوں اور سادو سمان کے نکلو حمل کی سلاحیت کو برکرہ رکھ پہلے جبکہ اس اس نام میں آپ کے دشمل کی جانب سے اپنے لوگوں اور سادو سمان کے نکلو حمل کی سلاحیت میں رخنا بھی تال سکے,0.36363636363636365,False,False
کائنات میں موجود ہر چیز مادے سے بنی ہے تمام مادے چھوٹے چھوٹے ذرات پر مشتمل ہیں جو ایٹمز کہلاتے ہیں,کائنات میں موجود ہر چیز مادے سے بنی ہے تمام مادے چھوٹے چھوٹے ذرات پر مجھتے ملے جو ایٹمز کیلاتے ہیں,0.14285714285714285,False,False
1920کے دوران زیادہ تر شہریوں اور قوموں کا غالب رویہ امن پسندی اور تنہائی پسندی تھی,انیس سو بیس کے دوران زیادہ تا شہری اور کوموں کا گھالی پروائیہ امن پسندی اور تنہائی پسندی تھی,0.5625,False,True
15اگست 1940 کو اتحادی افواج نے جنوبی فرانس پر حملہ کر دیا اس حملے کو آپریشن ڈریگن کا نام دیا گیا,پندرہ اگرست انیس سو چالیس کو اتحادی افواج نے جنوبی فرانس پر حملہ کر دیا اس حملے کو اپریشون ٹریکن کا نام دیا گیا,0.3333333333333333,False,True
ہم اپنے گھر پودوں سے بناتے ہیں اور اپنے کپڑے پودوں سے تیار کرتے ہیں زیادہ تر کھانے جو ہم کھاتے ہیں پودوں سے تیار ہوتے ہیں پودوں کے بغیر جانور زندہ نہیں رہ سکتے,ہم اپنے گھر پوڈو سے بناتے ہیں اور اپنے کپلے پوڈو سے تیار کرتے ہیں زیادہ تر کھانے جو ہم کھاتے ہیں پوڈو سے تیار ہوتے ہیں پوڈو کے بہت جانوڈر زندہ نہیں رہ سکتے ہیں,0.22857142857142856,False,False
عمارتوں کی قطاریں جو ہانگ کانگ کی اسکائی لائن ترتیب دیتی ہیں ایک چمکتے ہوئے بار چارٹ کی صورت اختیار کر چکی ہیں جو وکٹوریہ ہاربر کے پانیوں کی موجودگی میں عیاں ہوتا ہے,ایمارتو کی کتارے جو ہنککن کی سکائی لائن ترتیب دیتی ہیں ایک چمکتے ہوئے بار چارٹ کی صورتک تیار کر چکی ہیں جو وکٹوریہ حربر کے پانیوں کی موجودگی میں آیا ہوتا ہے,0.2647058823529412,False,False
احتیاط رکھیں کہ آپ کا کپڑا زیادہ گرم نہ ہونے پائے ورنہ یا تو وہ سکڑ جائے گا یا جھلس جائے گا,احتیاط رکھیں کہ آپ کا کپڑا زیادہ ورم نہ ہو پائے ورنہیا تو وہ سکر جائے گا یا چھلس جائے گا,0.2727272727272727,False,False
سندربن دنیا کا سب سے بڑا ساحلی مینگروو بیلٹ ہے جو ساحلی علاقے سے بنگلادیشی اور ہندوستان کے دور افتادہ پسماندہ علاقے میں 80 کیلو میٹر 50 میل تک پھیلا ہوا ہے,سندربہ دنیا کا سب سے بڑا صاحیلی مینگرو بیلٹ ہے جو صاحیلی علاقے سے بنگلہ دیشی اور ہیدوستان کے دور حفتہ دا پاسماندے علاقے میں اسی کلومیٹر پچاس میل تک پھیلا ہوا ہے,0.4375,False,True
یہ تقریبا 400 عیسوی میں شروع عیش و عشرت کے محورکے طور پر جانا جاتا ہے اور یہ 1100 ویں عیسوی تک قائم رہا,یہ تقریبا چار سو اسوی میں شروع ایشو اسٹرت کے محور کے طور پل جانا جاتا ہے اور یہ 1100 اسوی تک قائم رہا,0.4583333333333333,False,True
شمال میں یہ علاقہ ساحل نے اور جنوب اور مغرب میں بحر اوقیانوس نے گھیر رکھا ہے,شمال میں یہ علاقہ ساحل نے اور جنوب اور مغرب میں بہر اکیانوس نے خیر رکھا ہے,0.17647058823529413,False,False
آخرکار ہہت سی چھوٹے قد کی بلیاں بشمول گھریلو بلیوں کے جو بڑی تعداد میں پائے جانے والے کیڑوں مکوڑوں اور چوہوں کو کھا جاتی ہیں,آخرکار بہت سے چھوٹے گتکی بیلیاں باشمول گھرے دو بیلیاں کے جو بڑی تعداد میں پائے جانے والے کیڑوں مکوڑوں اور چوں کو کھا جاتی ہیں,0.34615384615384615,False,False
شمالی جانب اور لیڈی آف فاطمہ کی عظیم خانقاہ مقبرے کا دورہ کریں ایک جگہ جو عالمی طور پر مشہور مریمی ظہور کی جگہ ہے,شمالی جانب لیڈی آفاتم کی ازیم خان کا مقبرہ کا دورہ کریں ایک جگہ جو عالمی طور پر مشہور مریمی ظاہور کی جگہ ہے,0.32,False,False
اگر موسم سرما میں شمالی بالٹک پار کر رہے ہیں تو کیبن کا مقام چیک کریں اس لئے کہ برف سے گزرتے وقت انتہائی وحشت ناک آواز ہوتی ہے جو ڈراتی ہیں,اگر موسم سرمہ میں شمالی بولٹک پارٹ کر رہے ہیں تو کیبین کا مقام چیک کریں اس لے کے برگ سے گزارتے وقت انتہائی ویشتنا قواز ہوتی ہے جو دراتی ہے,0.40625,False,False
یہاں اب بھی بہت سے مردو خواتین زندہ ہیں جنہوں نے یہاں زندہ رہنے کی جدوجہد کی اور بہت سے لوگ ہیں جن کے اپنوں کا قتل کر دیا گیا یا مرنے تک کام کرایا گیا جیسے یہودی اور غیر یہودی,یہاں اب بھی بہت سے مردو خواتین زندہ ہیں جنہوں نے یہاں زندہ رہنے کی جتو چہت کی اور بہت سے لوگ ہے جن کے اپنوں کا قتل کر دیا گیا یہاں مرنے تک کام کر آیا گیا جیسے یہودی اور گیال یہودی,0.17073170731707318,False,False
ایک گاڑی میں جب وہ پیرس واپس آئے توان کو ایک ہجوم نے گھیر رکھا تھا جو بادشاہ اور ملکہ کے خلاف نعرے لگا رہے تھے اور ان کو دھمکیاں دے رہے تھے,ایک گاری میں جب وہ پیرس آئے تو ان کا ایک حجوم نے گے رکھا تھا جو باشا اور ملکا کے خلاف ناری لگا رہے تھے ان کو دھمکیا دے رہے ہیں,0.3939393939393939,False,False
دوسرے ممالک کے مسافروں کو بھاری ٹیکس دینے کا پابند کر کے بعض اوقات معقول مقدار میں رقم بچائی جا سکتی ہے خاص طور پر تمباکو اور شراب جیسی مشروبات پر,دوسرے ممالی کے مصافروں کو بھاری ٹیکس تینےک کا پابن کر کے باز اکات مققل مقدار میں رکھم بجائے جا سکتی ہے خاص طور پر تمباک کو شراب جیسے مشروبات پر,0.3870967741935484,False,False
بدقسمتی سے ٹریفک کی روانی کا مطالعہ بہت مشکل ہے کیونکہ ڈرائیور کے رویہ کی پیشن گوئی سو فیصدی یقینی کے ساتھ نہیں کی جاسکتی ہے,بت قسمتی سے ٹریفک کی روانی کا مطالعہ بہت مشکل ہے کیونکہ ڈرائور کی روائیے کے پیش کوئی سو فیصتی یقینی کے ساتھ نہیں کیجا سکتی,0.46153846153846156,False,False
مداگاسکر انتہائی بڑا ہے اور جب بات جنگلی حیات کی آتی ہے تو وہ بذات خود ایک برہ اعظم ہے,مدق آسکر انتہائی بڑا ہے اور جب بات جنگری حیات کی آتی ہے تو وہ بزات خود ایک بڑھ رہے آزم ہے,0.35,False,False
میٹرو میں عام اعلانات صرف کٹالن میں کیے جاتے ہیں لیکن غیر منصوبہ بند مداخلت سے متعلق اعلانات خودساختہ نظام کے ذریعہ انگریزی اسپینش عربی فرانسیسی اور جاپانی سمیت کئی زبانوں میں کئے جاتے ہیں,میٹروں میں آم اہلانہ صرف کٹالن میں کیا جاتے ہیں لیکن گیر منصوبہ بند مداخل سے متعلق اہلانات خود ساکتا نظام کے ذریعے انگریزی اسپینش اور بی فرمسی اور جاپانی سمت کئی زبانوں میں کیا جاتے ہیں,0.42857142857142855,False,False
تمہارے نارمل نیند کے اوقات میں نیند کا ٹوٹنا اور پھر 10 60 منٹ میں دوبارہ سو جانا ایک با مقصد عمل ہے,تمہارے نورمل نین کے عقات میں نین کا ٹوٹنا پھر 10 سے 60 منٹ میں دوبارہ سوجانا ایک پا مقصد عمل ہے,0.391304347826087,False,True
ہانگ کانگ کا بہترین نظارہ کرنے کے لئے جزیرہ کو چھوڑو اور اس کے بلمقابل کولون واٹر فرنٹ پر جاؤ,ہنگکوم کا بہترین نظارہ کرنے کے لیے جزیرا کو چھوڑو اور اس کے بالمقابل کولون وٹر فرنگ پر جاؤ,0.35,False,False
وہ بہت سے ممالک کے لئے بینک نوٹ کی کندہ کاری میں بھی مصروف تھا اس کے کام کی حالیہ مثالوں میں سے کینیڈا کے نئے 5 اور 100 کے نوٹوں کے سامنے والے حصے پر وزیر اعظم کی تصویر بنانا شامل ہے,وہ بہت سے ممالک کے لئے بینک نورٹ کی کندہ کارے میں بھی مصروف تھا اس کے کام کی حالیہ مثالوں میں سے کندا کے نئے پانچ ٹولر اور سو ٹولر کے نورٹوں کے سامنے والے حصے پر وزیریازم کی تصویر بنانا ہے شرامل ہے,0.27906976744186046,False,True
وہ تقریبا سارے ریتیلے ساحل ہیں جو تیراکی کے لیے محفوظ ہیں اور زیادہ ترمیں سایہ ہوتا ہے جو کہ پوہوتکاوا کے درخت فراہم کرتا ہے,وہ تقریبا سارے ریتیلے سائن ہیں جو تیراکی کے لیے محفوظ ہیں اور زیادہ ترمیس آیا ہوتا ہے جو کہ پہود کاوہ کی درک فرام کرتا ہے,0.3076923076923077,False,False
جبکہ وہ ایک ہسپتال میں کام کرتا تھا لیجن نے قبل از وقت ولادت پر اپنے فارغ وقت میں تفشیش شروع کر دی,جب کہ وہ ایک حصبتال میں کام کردا تھا لیجر نے قبل حصبک بلادز پر اپنے فارق وقت میں تفشیش شروع کر دی,0.391304347826087,False,False
یہ بیان کرتا ہے کہ رئیسی موضوع کا موثر ترین مقام لائنوں کا وہ تقاطع ہے جو عکس کو عمودی اور افقی طور سے تین حصوں منقسم کرتا ہے,یہ بیان کرتا ہے کہ رئیسی موظو کا مصر تریر مکام لائنوں کا وہ تقاتا ہے جو اکس کو عمودی اور اف کی طور سے 3 حصوں میں منقسم کرتا ہے,0.3448275862068966,False,False
اس سے گیم کھیلنے والے اس قابل ہو جائیں گے کہ ڈیوائس کو ہوا میں ہلا کر ویڈیو گیمز کے افعال و حرکات کو کنٹرول کر سکیں,اس سے گیم پھیلنے والے اس قابل ہو جائیں گے کہ ڈیوائلز کو ہوا میں ہلا کر ویڈیو گیمز کی آپ پالو ہر کات کو کنٹرول لا سکیں گے,0.3333333333333333,False,False
ک چھ علاقوں میں ایک منٹ کے لیے پانی ابالنا کافی ہے ک چھ اور جگہوں پر بہت سے منٹ درکار ہیں,کچھ علاقوں میں ایک منٹ کے لیے پانی عباننا کافی ہے کچھ اور جگہ پر بہت منٹ درکار ہیں,0.3181818181818182,False,False
کندا لینی یوگا کے ساتھ یوگا کی کیفیت سانس کی مشق منتر اور تصورات کے ذریعے کندا لینی توانائی روشن خیالی کی توانائی بیدار ہوتی ہے,کندہ لینی یوگہ کے ساتھ یوگہ کی کیفیت سانس کی مشک منتر اور تصورات کے ذریعے کندہ لینی طوانائی روشن کھائلی کی طوانائی بیدار ہوتی ہے,0.3076923076923077,False,False
آپ اپنی حکومت کے علاوہ دوسری حکومتوں کا مشورہ بھی لینا چاہ سکتے ہیں لیکن ان کا مشورہ ان کے اپنے شہریوں کے لئے ہوتا ہے,آپ اپنے حکومت کے علاوہ دوسری حکومتوں کا مشورہ بھی لےنا چا سکتے ہیں لیکن ان کا مشورہ ان کے اپنے شہریو کے لیے ہوتا ہے,0.19230769230769232,False,False
ہاربر پیرل بندرگاہ 1889 میں ایک بدنام زمانہ بحری معرکہ آرائی کا مقام تھا جب جرمنی امریکہ اور برطانیہ کے سات جہازوں نے بندرگاہ چھوڑنے سے انکار کردیا,حارور پیرور بندرکہ 1889 میں ایک بتنامے زمانہ بہری مارکہ رائی کا مقام تھا جب جرمانی امریکہ اور برطانیہ کے ساتھ چہازوں نے بندرکہ چھوڑنے سے انکار کر دیا,0.4642857142857143,False,True
دوسرے ممالک کے مسافروں کو بھاری ٹیکس دینے کا پابند کر کے بعض اوقات معقول مقدار میں رقم بچائی جا سکتی ہے خاص طور پر تمباکو اور شراب جیسی مشروبات پر,دوسرے ممالیف کے مسافروں کو بھاری ٹیکس دنے کا پابن کر کے باز حقات ماکور مگتار میں رکم بچائی جا سکتی ہے خاص طور پر تمباخ ہو اور شراب جیسی مشروبات پر,0.3225806451612903,False,False
یہ کرسٹ نزدیکی جانب تقریبا 70 کلومیٹر دبیز ہے اور دوسری جانب 100 کلومیٹر دبیز ہے,یہ کرس نصدی کی جانب تقریبا سکتے کلومیٹر دبیز ہے اور دوسری جانب سو کلومیٹر دبیز ہے,0.3125,False,True
لک ھا سنگھ نے چھپن بھوگ بھجن بھی گایا گلوکار راجیو کھنڈیل وال ان کے ساتھ موجود تھے,لکھا سنگ نے چپن بھوک بھجن بھی گیا گلو کا راجیف کھنڈیل وار ان کے ساتھ موجود تھے,0.5555555555555556,False,False
مراکش کے سلطان نے اس شہر کو دار البادیہ کے نام سے دوبارہ تعمیر کیا اور اسپینی تاجروں نے اسے کازا بلانکا کا نام دیا جنہوں نے یہاں پر اپنے تجارتی مستقر قائم کئے,مراکش کے سلطان نے اس شہر کو دارل بدایا کی نام سے دوبارہ تامیر کیا اور اسپینی تاجروں نے اسے کازرہ بلانکہ کے نام دیا جنوں نے یہاں پر اپنے تجاردی مستکرٹ کائم کیے,0.35294117647058826,False,False
1960 کی پوری دہائی میں بریزیزنسکی نے جون ایف کینیڈی کے لیے بطور مشیر اور پھر لنڈن بی جونسن کی انتظامیہ کے لیے کام کیا,انیس ساتھ کی دہائی میں بریزانس کی نی جون ایف کینڈی کے لیے باتوری مشیر اور پھر لنڈن بی این جونس کی انتظامے کے لیے کائم کیا,0.48,False,True
ایم ایس ایک ایسی بیماری ہے جو مرکزی اعصابی نظام پر اثر کرتی ہے جو کہ دماغ ریڑھ کی ہڈی اور عصب بصری سے بنا ہے,ایمس ایک ایسی بیماری ہے جو مرکزی آسابی نظام پر اثر کرتی ہے جوکہ دیماگ ریڈ کی حدی اور آساب بسری سے بنا ہے,0.38461538461538464,False,False
ارسطو فلسفی نے یہ نظریہ پیش کیا کہ ہر چیز عناصر اربعہ میں سے ایک یا ایک سے زائد عناصر کے مرکب سے بنی ہوتی ہے وہ مٹی پانی ہوا اور آگ ہیں,اور اس تو فلسفی نے یہ نظریہ پیش کیا کہ ہر چیز اور ناصر عربہ میں سے ایک یا ایک سے زائدہ ناصر کے مرکپ سے بنی ہوتی ہے وہ مٹی پانی ہوا اور راغ ہیں,0.30303030303030304,False,False
1537ء میں اسونسیون کی بنیاد کے بعد پیراگئے اپنا دیسی کردار اور شناخت برقرار رکھنے میں کامیاب رہا,پندرہ سو سیہتیس میں اونیس ویس کی بنیاد پیر آگئے اپنا دیسے کردار اور شناد کو برکرہ رکھنے میں کامیاب رہا,0.6666666666666666,False,True
ڈنڈی یونیورسٹی کی پروفیسر پامیلا فرگوسن نے ارشاد فرمایا وہ صحافی جو مشبوہین کے فوٹو وغیرہ چھاپتے ہیں وہ ایک حطرناک لائن پر چل رہے ہیں,دڈڈی انوزٹی کی پروفیسر پامیلہ فرگوسہ نیشاد پرمایا وہ ساہفی جو مشپوحین کی پورٹو اگرہ چھاپتے ہیں وہ ایک خطرنا کائن پر چل رہے ہیں,0.5384615384615384,False,False
اسے کیمیاء کی پی ایچ کہا جاتا ہے آپ سرخ گوبھی جوس کا استعمال کرتے ہوئے ایک انڈیکیٹر بناسکتے ہیں,اس کیمیہ کی پی اچ کہا جاتا ہے آپ سورگو بی جوز کے استعمال کرتے ہوئے ایک انٹیکیٹور بنا سکتے ہیں,0.5,False,False
انسان عہد عتیق سے سونے چاندی تانبے جیسے بنیادی کیمیاوی عناصر سے واقف رہا ہے کیوں کہ ان عناصر کو عالم طبیعی میں ان کی اصلی شکل میں دریافت کیا جاسکتا اور نسبۃ بدوی طرز کے اوزار سے ان کی کان کنی کی جا سکتی ہے,انسان اہدے اتیق سے سونے چاندی تانبے جیسے بنیادی کیم یا ای اناسر سے باکفرا کیونکہ ان اناسر کی عالی میں تبیمیں ان کے اصلی شکل میں دریات کیا جا سکتا ہے اور نسبتن بدوی ترست کے اوزار ان کے کان میں کی جا سکتی ہے,0.5434782608695652,False,False
خواتین کے نشستی گروہ میں سے چار اسکیئرز اپنے رنز کو پورا کرنے میں ناکام رہیں اور جائنٹ سلالوم میں مجموعی 117 میں سے 45 اسکیئرز اس مقابلہ میں کوئی بھی درجہ حاصل کرنے سے قاصر رہے,خواتین کے نشوشتک رو میں سے چار اسکیرز اپنے رنز کو پورا کرنے میں نہ کام رہے اور جائنٹ سلالوم میں مجموئی ایک سترہ میں سے چاریس اسکیرز اس مقابلے میں کوئی بدرچہ حاصل کرنے سے کاسی رہے,0.40540540540540543,False,True
یہ شہر افریقہ میں کچھ بھڑکیلے پہاڑی گوریلا کا سراغ لگانے کے ساتھ نائراگونگو آتش فشاں پر چڑھنے کی چوکی بھی ہے,یہ شہر افریکہ سے کچھ پھڑکیلے پہاڑی گوریلہ کا سورہ کلکانے کے ساتھ نائرہ گونگو آتش فشا پر چندنے کی چوکی بھی ہے,0.45454545454545453,False,False
مارٹیلی نے پچھلے دن ایک نئی نو رکنی پرووژنل الیکٹورل کونسل سی ای پی کو حلف دلایا,مارٹیلی نے پچھلے دن ایک نئی نورکنی پرزنل الیکٹرالڈ کنسل سی ایپی کو حالف دیا,0.5294117647058824,False,False
اس نے ہمیں ٹرین کار اور نقل و حمل کے بہت سے دیگر وسائل مہیا کئے,اس نے ہمیں ٹرین کار اور نکلو حمل کے بہت سیدی کر وصل محیہ کی,0.4375,False,False
تمام جنوبی افریقی نیشنل پارکوں کی طرح اس پارک کے لئے بھی یومیہ تحفظ اور انٹری کی فیس ہے,تمام جنوبی افریکی نیشنل پارگوں کی طرحیں اس پارگ کے لیے بھی یہوں میں تحفظ اور انٹری کی فیصل ہے,0.42105263157894735,False,False
اگرچہ گوما معقول حد تک محفوظ ہے تاہم گوما سے باہر کسی بھی قسم کے دوروں پر شمالی کیوو صوبے میں جاری لڑائی کی حالت کو سمجھنے کے لیے تحقیقات ہونی چاہئیں,اگرچہ گوما ماکول حتک محفوظ ہے تو ہم گوما سے بہر کسی بھی کسم کے دوروں پروشمالی کے وصوبے میں جاری لڑائی کی حالت کو سمجھنے کے لئے تیقیقات ہونے جائے,0.46875,False,False
امریکہ میں کئی ایک فیڈرل سروس اکیڈمیاں بھی ہیں جہاں یو ایس ملٹری کے ان کمیشنڈ افسروں کو تربیت دی جاتی ہے جو وہاں سے بیچلر کی ڈگری لے کر فارغ ہوتے ہیں,امریکہ میں کئی ایک فیڈرال سروریسس اکیڈمیا بھی ہیں جہاں یو اس ملٹری کے ان کمیشنٹ آفسروں کو تربیت دی جاتی ہے جو وہاں سے بیشٹلڈ کی دگری لے کر فارق ہوتے ہیں,0.2727272727272727,False,False
ایک تہذیب وہ واحد ثقافت ہے جو افراد کے ایک مخصوص گروہ مشترکہ طور پر اپناتے ہیں جو تعاون کرنے والے انداز میں رہتے اور کام کرتے ہیں ایک معاشرہ,ایک تحزیب وہ ہی سکافت ہے جو افراد کے لیے مخصوص گروم اشترکہ طور پر اپناتے ہیں جتاون کرنے والے انداز میں رہتے ہیں اور کام کرتے ہیں ایک معاشرہ,0.3,False,False
امریکی جمناسٹکس امریکی اسٹیٹ اولمپک کمیٹی کے مکتوب کی تائید کرتی ہے اور ہمارے سبھی ایتھلیٹوں کیلئے محفوظ ماحول کو فروغ دینے کیلئے اولمپک فیملی کی مطلق ضروریات کو تسلیم کرتی ہے,امریکی جمناسٹیک امریکی سٹیٹ اولمپک کمیٹی کے مقتوب کی تائید کرتی ہے اور ہمارے سبھی اثرلیٹون کے لیے محفوظ محال کو فروق دینے کے لیے اولمپک فیملی کے مطلق سوروریات کو تصمیم کرتی ہے,0.40625,False,False
جب ایک ادارے کے کار آمد تمام شعبہ جات کے درمیان تمام دستیاب ذرائع مؤثر طریقے سے استعمال ہوتے ہیں تو تخلیقی صلاحییت اور ہنرمندی پیدا ہوتیں ہیں,جب ایک ادارے کے کارامت تمام شوبائچات کے درمیان تمام دستیاب زراعی معاستہ طریقے سے استمان ہوتے ہیں تو تخلی کے سلاحیت اور ہنرمندی پیدا ہوتی ہے,0.42857142857142855,False,False
مبینہ طور پر ان کی عمر تقریبا 20 سال تھی حالانکہ ایک بیان میں بیبر نے کہا میں وہاں موجود نہیں تھا اور نہ ہی براہ راست میں اس المناک حادثہ میں شامل تھا میری سوچ اور دعائیں متاثرہ کے اہل خانہ کے ساتھ ہیں,نبائینا تورپر ان کے عمر تقریبا بیس سالتی حلکہ ایک بیان میں بیمبر نے کہا میں وہاں موجود نہیں تھا اور نہی براہراث میں اس علمناک خاتسے میں شاہل تھا میری سوچ اور دوائیں متاسرہ کے اہلے کھانے کے ساتھ ہیں,0.4444444444444444,False,True
پیشتر چھوٹے جزائر آزاد ملک ہیں یا فرانس سے وابستہ ہیں اور ان کو لگژری بیچ رزارٹس کے عنوان سے جانا جاتا ہے,بیشتر چھوٹے جزائر عزات ملک ہیں یا فران سے ببستہیں اور ان کو لگشوری بیشت رائٹس کے انوان سے جاتا ہے,0.43478260869565216,False,False
اس قطار میں مردوں کو ٹخنے ڈھکنے والا پائجامہ زیب تن کرنا ضروری ہوتا ہے,اس قطار میں مردوں کو تخنے دھکنے والاپا جائمہ زیبتن کرنا ضروری ہوتا ہے,0.4,False,False
وہ تقریبا سارے ریتیلے ساحل ہیں جو تیراکی کے لیے محفوظ ہیں اور زیادہ ترمیں سایہ ہوتا ہے جو کہ پوہوتکاوا کے درخت فراہم کرتا ہے,وہ تقریبا سارے ریتیلے سائل ہیں جو دیراکی کے لیے محفوظ ہیں اور زیادہ طرح میں سایا ہوتا ہے جوکے پہودقاوہ کے درکت فرام کرتے ہیں,0.46153846153846156,False,False
ویٹکن سٹی کی آبادی تقریبا 800 ہے یہ دینا کا سب سے چھوٹا آزاد ملک ہے جس کی آبادی کمترین ہے,ویکٹن سٹی کے عبادی تقریبا 800 ہی دنیا کا سب سے چھوٹا آزاد ملخل جس کے عبادی کم ترین ہے,0.5714285714285714,False,True
یہاں اب بھی بہت سے مردو خواتین زندہ ہیں جنہوں نے یہاں زندہ رہنے کی جدوجہد کی اور بہت سے لوگ ہیں جن کے اپنوں کا قتل کر دیا گیا یا مرنے تک کام کرایا گیا جیسے یہودی اور غیر یہودی,یہاں اب بہت سے مردوں خواتیں زندہ ہیں جنہوں نے یہاں زندہ رہنے کی جتا جاتا کی اور بہت سے لوگ ہیں جن کے اپنوں کا قتل کر دیا گیا یا مدنے تک کام کر آیا گیا جیسے یہودی اور گیر یہودی,0.21951219512195122,False,False
لوگ آج کل پیغامات کمپیوٹر اسکرین پر لکھتے ہیں انھیں کبھی شارپنر کے قریب بھی جانے کی ضرورت نہیں پڑتی,لوگ آجکل پیگامات کمپوٹر سکرن پر لیتے ہیں انہیں کبھی کبار شوپنر کے قریب بھی جانے کے طرح پٹ نہیں پڑتی,0.6,False,False
لٹوائس لیکس نیشنل پارک گھنے جنگلات سے گھرا ہے ج س میں ب نیادی طور پر سفیدے صنوبر اور چیڑ کے درخت ہیں اور اس کی خاص بات کوہی اور خ شکی سے گ ھری نباتات کا امتزاج ہے,لٹوائی سلک نیشنل پارک گھنے جنگلاس سے گرہا ہے جس میں بنیادی سٹور پر صفیدہ سنوبر اور چیڑ کے درکتے ہیں اور اس کی خاص بات کوہی اور خوشکی سے گری نبتات کا امتزاج ہے,0.4358974358974359,False,False
یاد رکھیں کہ اصل اسٹیج پر موسیقی کا پروگرام بھلے ہی ختم ہوگیا ہو لیکن وہاں فیسٹول کے بہت سے حصوں میں موسیقی دیر رات تک بجتی رہے گی,یاد رکھیں کہ اصل اسٹریج پر موسیقی کا برگرام بھلے ہی کتم ہو گیا اور لیکن وہاں پیسٹویل کے پاس سے اس سو میں موسیقی دیر تک رات بشتی رہتی ہے,0.5172413793103449,False,False
اشیاء کی نقل و حمل کیلئے بحری جہازوں کا استعمال سمندروں میں لوگوں کی بڑی تعداد اور اشیاء منتقل کرنے کا اب تک کا سب سے کارآمد طریقہ ہے,ایشہ کی نکلو حمل کے لیے بہری جہازوں کا استعمال سمندروں میں لوگوں کی بڑی تعداد اور ایشہ تکل کرنے کا اقتک سب سے کارامت طریقہ ہے,0.41379310344827586,False,False
جین کارلو فیسی شیلا کو اپنی گاڑی پر قابو نہ رہا اور آغاز کے فورا بعد ہی ریس کا اختتام کر دیا,جین کارڈو فیسی شیلا کو اپنی گاڑی پر کاغونا رہا اور اگاس کے ورن بعد ہی ریس کا اختیام کر دیا,0.2727272727272727,False,False
چاند کی سطح چٹانوں اور گرد سے بنی ہے چاند کی بیرونی سطح پرت کہلاتی ہے,چان کی ستہ چٹانوں اور گرد سے بنی ہے چان کی بیرونی ستہ پرت کلاتی ہے,0.3125,False,False
پیری نے کہا کہ آج رات کی سیاسی ملاقات کے نتائج کا جائزہ لینے کے لئے میں ٹیکساس واپس آونگا کہ آیا میرے لئے اس مقابلے میں آگے کی راہ ہے مگر بعد میں انھوں نے کہا کہ وہ مقابلے میں رہیں گے اور جنوری 21 کے جنوبی کیرولینا پرائمری میں لڑیں گے,پیری نے کہا کہ آج رات کی سیاسی ملاقات کے نتائج کو جائزہ لینے کے لیے میں ٹیکساس واپس آن گا کہ آیا میرے لیے اس مقابلے میں آگے کی رہے مگر بعد میں انہوں نے کہا کہ وہ مقابلے میں رہیں گے اور جانوری اکس کو کرولنا پرائمری میں لڑیں گے,0.24528301886792453,False,True
15اگست 1940 کو اتحادی افواج نے جنوبی فرانس پر حملہ کر دیا اس حملے کو آپریشن ڈریگن کا نام دیا گیا,اگرس 1940 کو اتہادی افواج نے 15 جنوبی افرانس پر حملہ کر دیا اس حملے کو اپریشنڈ ڈرگن کا نام دیا گیا,0.2857142857142857,False,True
بڑے پیمانے پر کار کی ملکیت سڑکوں پر حادثات کی اونچی شرح کی جانب بھی لے جاتی ہے جس سے صحت کے شعبے میں نئی تکنیکوں کی ایجاد ہوتی ہے تاکہ تباہ اجسام کی مرمت کی جاسکے,بڑے پیمانے پر کار کی ملکہ سڑکوں پر ہاتھ ساتھ کی اوچی شرا کی جانب بھی لی جاتی ہے جس سے صحت کی شروبے میں نئی تقنیقوں کی ایجاد ہوتی ہے تاکہ تپہ اچسام کی امرمت کی جا سکے,0.3783783783783784,False,False
امریکی جمناسٹکس اور یو ایس او سی کا ایک ہی ہدف ہے جمناسٹکس اور دیگر کھیلوں کو ایتھلیٹوں کیلئے ممکنہ حد تک محفوظ بنانا تاکہ وہ اپنے خوابوں کو محفوظ مثبت اور با اختیار ماحول میں شرمندہ تعبیر کرسکیں,امریکی جمناسٹرک اور اس او سی کا ایک ہدف ہے جمناسٹرک اور دیگر خیلوں کو اثلوٹوں کے لیے ممکنہ حتک محفوظ بنانا تاکہ وہ اپنے خوابوں کو محفوظ مزبت اور واقتیار محال میں شرمندہ تابیر کر سکے,0.46153846153846156,False,False
یہ مرض پہلے سور میں پیدا ہوتا ہے پھر مچھر اس کو انسانوں کو منتقل کرتے ہیں,یہ مرس بہلے صور میں پیدا ہوتا ہے پھر مچھر اس کو انسانوں کو متکل کرتے ہیں,0.23529411764705882,False,False
عام بات کریں تو اپنے سابق ساتھیوں کی قیادت کرتے وقت منیجروں میں دو رویے ابھر سکتے ہیں تصویر کا ایک رخ یہ ہے کہ وہ لڑکوں یا لڑکیوں میں سے ایک بنے رہنے کی کوشش کر رہا ہے,عام بات کریں تو اپنے سابق ساتھیوٹ کی عادت کرتے وقت منیشنوں میں دو روائیے عبر سکتے ہیں تصویر کا ایک روک یہ ہے کہ وہ لڑکوں یا لڑکیوں میں سے ایک بنے رہنے کی کوچش کر رہا ہے,0.1794871794871795,False,False
جنگلی بچوں کو چھوڑ دیے جانے یا بھاگنے سے پھلے شدید بدسلوکی یا صدمہ کا سامنا کرنا پڑا ہوگا,جنگلی بچوں کو چھوڑ دیے جانے یا بھاگنے سے پہلے شرید بسلو کی اصدمہ کا سامنہ کرنا پہ پڑنا ہوگا,0.42105263157894735,False,False
آج واحد کیڑے جو اپنے پنکھوں کو پیچھے کی طرف نہیں موڑ سکتے وہ بھنبھیرے یا مئی مکھیاں ہیں,آج واہد کیڑے جو اپنے پنکوں کو پیچھے کی طرف نہیں مورزکتے وہ بھمبرے یا مائی مکھیہ ہیں,0.3684210526315789,False,False
یہ تحقیق پرندوں میں پروں کے ارتقاء کا ادراک بھی فراہم کرتی ہے,یہ تحکک پنیدوں میں پروں کے اردکا کے عضراغ بھی فرام کرتی ہے,0.46153846153846156,False,False
پودوں کے سب سے آسانی سے ملنے والے وسائل کے پتیوں اور دانوں میں پروٹین ہوتے ہیں لیکن یہ ہم جیسی مخلوق کے لیے ہضم کرنا مشکل ہے جب تک کہ وہ پک نہ جائیں,قوضوں کے سب سے اسانی سے ملنے والے وصائل کی پتیوں اور دانوں میں پڑوٹین ہوتے ہیں لیکن یہ ہم جیسی مقلوق کے لیے حضم کرنا مشکل ہے جب تک کہ وہ پکنا جائیں,0.2571428571428571,False,False
خواتین یہ سفارش کی جاتی ہے کہ سفرکرنے والی تمام خواتین خود کو شادی شدہ بتائیں قطع نظر اپنی واقعی ازدواجی حالت کے,خواتین یہ سی فارش کی جاتی ہے کہ سفر کرنے والی تمام خواتین خود کو شادی شدہ بتائیں کہتا ہے نظر اپنی باقی استواجی حالت کی ہے,0.43478260869565216,False,False
آخرکار ہہت سی چھوٹے قد کی بلیاں بشمول گھریلو بلیوں کے جو بڑی تعداد میں پائے جانے والے کیڑوں مکوڑوں اور چوہوں کو کھا جاتی ہیں,آخر کار بہت سے چھوٹے کتکی بیلیا بشمول گھریلو بیلیاں کے جو پڑی تعداتیں پائے جانے والے کیڈو مکوڈ اور چوں کو کھا جاتی ہے,0.5769230769230769,False,False
جنگ ختم ہونے کے دو سال بعد سابق اتحادی آپس میں دشمن ہو گئے اور سرد جنگ شروع ہو گئی,جنگ ختم ہونے کے دو سال بعد صابی کی تحادی حالت میں دشمن ہو گئے اور سال جنگ شروع ہو گئی,0.25,False,False
یہ غار جو مکہ کے شمال کے پہاڑ کی چوٹی پر واقع ہے باقی دنیا سے کاملا الگ تھلگ ہے,یہ گار جو مککہ کے شمال کے پہار کی چھوٹی پر واقعے ہے باقی دنیا سے کاملن علک تھلگ ہے,0.35,False,False
کیونکہ ڈائنا سور کی پنکھ میں اچھی طرح سے تیار شدہ شافٹ نہیں ہوتا جس کو ڈنڈی کہا جاتا ہے تاہم وہ پنکھ کی دوسری خصوصیات رکھتی ہیں ذیلی ڈنڈی اور نوک محققین نے یہ نتیجہ اخذ کیا کہ ڈنڈی میں بعد میں دیگر خصوصیات کے ارتقائی نشو نما کا امکان تھا,کیوں کہ دینسورڈ کی پنک میں اچھی طرح سے تیاشدہ شرفت نہیں ہوتا جس کو دنڈی کہا جاتا ہے تو ہم وہ پنک کی دوسری خصوصیات رکتی ہیں جہلی دنڈی اور نوک محققین نے یہ نتیجہ خسکیا کہ دنڈی میں بعد میں دیگا خصوصیات کی تقائی نشرنمہ کا امکان تھا,0.4230769230769231,False,False
جب یہ اکثر ایک غلط متعصب نظریہ ہے پیرس میں جانے کا سب سے بہترین طریقہ اچھا رویہ پیش کرنا اور ایسے شخص کی طرح عمل کرنا ہے جس کی پرورش اچھی ہوئی ہو یہ چیز سفر کو قابل لحاظ حد تک آسان بنا دے گی,جب یہ اکثر ایک کلت مطاستیب نظریہ ہے پیرس میں جانے کا سب سے بہترین طریقہ اچھا رویہ پیش کرنا اور ایسے شخص کی طرح عمل کرنا جس کی پرورش اچھی ہوئی ہو یہ چیز سفر کو کابلی لحاست حت تک آسان بنا دے گی,0.13043478260869565,False,False
ساتھی پہلوانوں نے بھی لونا کو خراج عقیدت پیش کیا,ساتھی پہلوانوں نے بھی لونہ کو خراجہ اکھی تک پیش کیا,0.4,False,False
یاد رکھیں کہ اصل اسٹیج پر موسیقی کا پروگرام بھلے ہی ختم ہوگیا ہو لیکن وہاں فیسٹول کے بہت سے حصوں میں موسیقی دیر رات تک بجتی رہے گی,یاد رکھیں کہ اصلی سٹیش پر موسیقی کا پربرام بھلے یہ ختم ہو گیا ہو لیکن وہاں فیسٹیول کے بہت سے اسمی موسیقی دیت تک رات تک بشتی رہے گی,0.41379310344827586,False,False
مالدوا کا دارالحکومت کشیناو ہے مقامی زبان رومانیائی ہے لیکن روسی زبان بڑے پیمانے پر استعمال ہوتی ہے,مالدوہ کا دارہ لکومت کشنہ ہوئے مقامہ زبان مرمانی آئی لیکن روسی زبان بڑے پیمانے پر استمال ہوتی ہے,0.5,False,False
پھر بھی حکام سے صلاح و مشورہ لیں تمام علامات کی تعمیل کریں اور حفاظتی انتباہات پر مکمل توجہ دیں,پھر بھی حکام سے سلاوہ مشورہ لے تمام علامات کی تامیل کریں اور یہ فاصلتی انتبہ ہاتھ پر مکمل توجہ دے,0.45,False,False
تمام جنوبی افریقی نیشنل پارکوں کی طرح اس پارک کے لئے بھی یومیہ تحفظ اور انٹری کی فیس ہے,تمام جنوبی افریکی نیشٹل پارکو کی طرحا اس پارک لے بھی یومیت ہفظ اور انٹری کی فیس ہے,0.42105263157894735,False,False
ہائتی انسٹی ٹیوٹ برائے انصاف و جمہوریت نے ایک آزاد مطالعہ کا حوالہ دیا ہے جسمیں اس بات کا اشارہ دیا گیا ہے کہ اقوام متحدہ کی سلامتی سے متعلق نیپالی بٹالین نامعلوم طور پر ہائتی بیماری لے کر آئی,ہائیتی انسٹریٹوٹ برای انساف و جمہوریت نے ایک عزات متعلقہ حوالہ دیا ہے جس میں اس بات کا اشارہ دیا گیا ہے کہ اکوامی موتاہدہ کی سلامتی سے متعلق نپالی بٹالین نہ معلوم تور پر ہائیتی بیمالی لے کر آئی,0.45,False,False
یوروپ نسبتا چھوٹا بر اعظم ہے لیکن بڑی تعداد میں وہاں آزاد ممالک ہیں عام صورتحال میں متعدد ممالک میں سفر کرنے کا مطلب ہے کہ آپ کو ویزا اور پاسپورٹ کنٹرول کی درخواست متعدد بار دینی پڑے گی,یہ اور اپنے اسپتن چھوٹا بریازم ہے لیکن بڑی تعداد میں وہاں آسات ممالک ہیں عام سورہ تحال میں متعدد ممالک میں سفر کرنے کا مطلب ہے کہ آپ کو ویزا اور پاسپورٹ کنٹرولٹ کی درخواست میں متعدد بار دینی پڑے,0.3076923076923077,False,False
سکوٹرب بس 403 باقاعدگی سے کیبو ڈا روکا میں رکتے ہوئے سنٹارا جاتی ہے,اسکوٹر بس چاستیز بکائدی سے کیو بھی در روکہ میں رکتی ہوئے سنارٹہ کی جاتی ہے,0.7142857142857143,False,True
یوروپ نسبتا چھوٹا بر اعظم ہے لیکن بڑی تعداد میں وہاں آزاد ممالک ہیں عام صورتحال میں متعدد ممالک میں سفر کرنے کا مطلب ہے کہ آپ کو ویزا اور پاسپورٹ کنٹرول کی درخواست متعدد بار دینی پڑے گی,یورپ نسبتن چھوٹا بریازم ہے لیکن بڑی تعداد میں وہاں عزات ممالک ہیں عام سورہ تحال میں متعدد ممالک میں سفر کرنے کا مطلب ہے کہ آپ کو ویزا اور پاسپورٹ کنٹرول کے درخواس متعدد بر دینے پڑے گی,0.28205128205128205,False,False
سائنس کے تمام امور بشمول نفسیات پر ارسٹوٹل کے نظریے تسلیم کیے گئے تھے,سائنس کے تمام عمور وشمور نفسیات پر اس طوریٹ کے نظر یہ تصمیم کی گئے,0.6428571428571429,False,False
دور دراز علاقوں میں بیشتر جدید تحقیقی دوربین کی ماحول دوست حالات کے ساتھ زبردست سہولیات موجود ہیں,دور دراز علاقوں میں بیشتر جدی تحقی کی دربین کے محال دوست حالات کے ساتھ زبردہ سہولیات موجود ہیں,0.3888888888888889,False,False
53سالہ کومو نے اپنی گورنری اس سال شروع کیا تھا اور ہم جنس پرستوں کی شادی کو قانونی حیثیت دینے والے بل پر گزشتہ مہینہ دستخط کیا تھا,سالا کوموں نے اپنے گورنری میں 53 سال شروع کیا تھا اور ہم جنس پرستو کی شادی کو قانونی حصد دینے والے پیل پر گزیستہ میں نے دستہ قد کیا تھا,0.4642857142857143,False,True
ممکن ہے کہ افراد اس امر کی توقع نہ رکھتے ہوں کہ گھر واپس جانے والے مسافروں کے لیے صبر اور سمجھ بوجھ بھی ضروری ہے,ممکن ہے کہ افرادی سمر کی تبکہ نہ رکھتے ہیں کہ گھر واپس جانے والے مسافروں کے لئے سبر اور سمجھ بوجھ بھی ضروری ہے,0.2692307692307692,False,False
پھر بھی حکام سے صلاح و مشورہ لیں تمام علامات کی تعمیل کریں اور حفاظتی انتباہات پر مکمل توجہ دیں,پھر بھی حکام سے سلاوہ مشورہ لیں تمام علامات کی تامیل کریں اور حفاظتی انتبہ ہاتھ پر مکمل توجہ دیں,0.25,False,False
بلیوں کی نسل میں سے شیر سب سے زیادہ سماجی رویے والی نسل ہے جو بڑے گروہوں کی شکل میں رہتے ہیں جو پرائڈز کہلاتے ہیں,بیلیوں کی نسل میں سے شیر سب سے زیادہ سماجی روائیے والی نسل ہے جو بڑے گروہوں کی شکل میں رہتے ہیں جو پریٹس کہلاتے ہیں,0.11538461538461539,False,False
جب کسی کو واضح طور پر معلوم نہیں تھا کہ اس کو کس نے تحریر کیا ہے یہ معلوم تھا کہ اسکی زندگی کے اوائل میں بڑے چرمی دستاویز جو 29¾ انچ گ نا 24½ انچز ہوتا تھا اوپر اسٹوریج کیلئے رول کیا جاتا تھا,جب کسی کو واضح طور پر معلوم نہیں تھا کہ اس کو کس نے تیریل کیا یہ معلوم تھا کہ اس کی زندگی کی عبار میں بڑے چرمی دستہ ویزاد جو 39 انچ گنا 24 انچ ہوتا ہے اوپر سٹارج کے لئے رول کیا جاتا ہے,0.4,False,True
فوٹوگرفرس بعد میں اس بوڑھی عورت کی جگہ بیٹھ گئے جو رفع حاجت کے لئے گئی مینڈوزا کو گولی مار دی گئی,فورٹوگرافرز بعد میں اس پوڑی عورت کے جگہ بیٹکے جرفہ حجت کے لے گئی میں ڈوزوہ کھکولی ماردی گئی,0.6363636363636364,False,False
چیتا کی دہاڑ شیر کی بھر پور آواز والی دہاڑ جیسی نہیں بلکہ بد مزاجی کے ساتھ چیخے گئے الفاظ سے زیادہ مشابہ ہوتی ہیں,چیتا کی دھار شیر کی بھرپور آواز والی دھار جیسی نہیں بلکہ بد مزاجی کے ساتھ چیکھ گئے علفاظ سے زیادہ مشابہ ہوتی ہے,0.28,False,False
دو بڑے بچے کے والد شادی شدہ ڈوال کے نے ملر کو بہت زیادہ متاثر نہیں کیا جن کے تعلق سے یہ کہانی تھی,دو بڑے بچے کے والد شادی شدہ دیوال کے انے ملر کو بہت متاصل نہیں کیا جن کے تعلق سے یہ کہانی تھی,0.16666666666666666,False,False
پودے فوٹوسینتھیسزکے ذریعہ اپنا کھانا دھوپ میں بناتے ہیں وہ سایہ بھی مہیا کرتے ہیں,پوڈے فورٹو سن تھیسس کے ذریعے اپنا کھانا دھوپ میں بناتے ہیں وہ سایا بھی محاییہ گڑتے ہیں,0.6,False,False
انقلاب کے بعد حرفتیں تمام مرد درخواست دہندگان کے لئے کھول دی گئی تھیں جس سے انتہائی پرامید اور کامیاب افراد کو کامیابی حاصل کرنے کا موقع ملا,ان کلاب کے بعد ہر فتح تمام مرد ترخواس ترہ اندکان کے لئے خال دی گئی تھی جس سے انتہائی پر امید اور کامیاب افراد کو کامیابی حصل کرنے کا موقع ملا,0.42857142857142855,False,False
شیروں کا گروہ تقریبا تیس مونث اور بچوں کے ساتھ ایک سے تین متعلقہ بالغ نر پر مشتمل ہوتا ہے,شیرو کا گروح تقریبا تیس معنیس اور بچوں کے ساتھ ایک سے تین مطالقہ بالک نر پر مشتمیل ہوتا ہے,0.3,False,False
خاص طور پر یہ دعوی کیا جاتا ہے کہ ایک شخص معلوم کرسکتا ہےکہ آیا وہ مائکرو ایسپریشن درست طریقے سے پیش کرتے ہوئے جھوٹ تو نہیں بول رہا ہے,خاص طور پر یہ دعوہ کیا جاتا ہے کہ ایک شخص معلوم کر سکتا ہے کہ آیا وہ میکرسپریشن ٹھرسک طریقے سے پیش کرتے ہوئے جھوٹا نہیں بول رہا ہے,0.3333333333333333,False,False
کراس ٹائز کا استعمال شروع کے دور میں کیا گیا تھا تاکہ پٹریاں اپنی جگہ پر ثابت رہیں لیکن تدریجا محقق کیا گیا کہ اگر ان کے اوپر آئرن کی اسٹیپ لگا دی جائے تو پٹریاں زیادہ کار آمد ہوں گی,گروس ٹائس کا استعمال شروع کے دور میں کیا گیا تھا تاکہ پٹری اپنی جگہ پر سابد رہیں لیکن تدریجن محقق کیا کیا گیا کہ اگر ان کے اوپر آئرون کے سٹیپ لگاتی جائے تو پٹرییں زیادہ کرامد ہوں گی,0.34146341463414637,False,False
تاہم شینجن کا علاقہ اس سلسلے میں کسی حد تک ایک ملک کی طرح کام کرتا ہے,تو ہم شینجن کا علاقہ اس سلسلے میں کسی حتک ایک ملک کیتانا کام کرتا ہے,0.35294117647058826,False,False
2002 میں گوما کو نائراگونگو آتش فشاں کے لاوا نے تباہ کر دیا تھا جس شہر کی بیشتر سڑکوں بالخصوص شہر کے وسط بھر گئے تھے,2002 میں گوما کو نائرہ گونگو آتش فیشہ کی لامہ نے تبھا کر دیا تھا جس شہر کی بیشتر سر کو بلخصوش شہر کے وست بھر گئے تھے,0.38461538461538464,False,True
تیز ہوائیں اولے زیادہ بارش اور جنگل کی آگ شدید موسم کی صورتیں اور اثرات ہیں جیسے طوفان سمندری طوفان آبی خطوں اور چکرواتوں ہیں,تیز حوائے اوہلے زیادہ بارش اور جنگل کی آق شدید موسم کی صورتیں اور اصلاح ہیں جیسا توفان سمنجی توفان آبی خطور چکروا تو ہے,0.48,False,False
ان کے منظم دفاع بال ہینڈلنگ کی مہارت اور عمدہ ٹیم ورک نے انھیں پامردی سے کھڑے ہونے کا حوصلہ دیا اور یہ بات واضح ہوگئی کہ یہی ٹیم شکست دینے والی ہے,ان کے منظم دفعہ بال ہنڈلنگ کی مہارت اور اندار ٹیم ورک نے انے پا مردی سے کھڑے ہونے کا حصہ دیا اور یہ بات واضح ہو گئی کہ یہی ٹیم شکستے نے والی ہے,0.3333333333333333,False,False
مردوں کو منع کرنے کے بارے میں سخت رہو اور اپنے مؤقف پر ڈٹے رہنے سے مت ڈرو ثقافتی تفریق ہو یا نہ ہو یہ ا سے صحیح نہیں بناتا,مردوں کو منہ کرنے کے بارے میں سخت رہو اور اپنے مقف پر دٹ رہنے سے مٹر ہو سکاتی تفریق ہو یا نہ ہو یہ اس سے صحیح نہیں بتاتا,0.26666666666666666,False,False
پودے قدرتی ماحول میں اپنے عروج پر ہوتے ہیں لہ ذا ان کا بس ایک نمونہ ہٹانے کی خواہش سے خود کو روکیں,پوڑے کو درتی محال میں اپنے عروج پر ہوتے ہیں لہذا ان کا بس ایک نمونہ ہٹانے کی خواہش سے خود کو روکیں,0.2608695652173913,False,False
انجام دیے گئے زیادہ تر کام نظریاتی تھے لیکن یہ پروگرام برج قوس کی کہکشاں سے بنے مشاہدات کے معیاری نمونہ کیلئے تحریر کیا گیا تھا,انجام دیئے گئے زیادہ تر کام نظری آتی تھے لیکن وہ پر اکرام بڑھ جے کوس کی کہکشہ سے بنے میں شاہدات کے محال نمونے کے لئے تہریر کیا گیا تھا,0.6538461538461539,False,False
شیر کے گروہ زیادہ تر بھیڑیوں یا کتوں کے گروہوں کی طرح کام کرتے ہیں حیرت کی بات ہے کہ جانوروں کے رویے شیروں سے ملتے جلتے ہیں لیکن دوسری بڑی بلیوں سے نہیں اور یہ بھی کہ اپنے شکار کے لئے بہت مہلک ہوتے ہیں,شیر کے گرو زیادہ طرح بھیڑیوں یا گروہوں کی طرحا کام کرتے ہیں حیرت کی بات ہے کہ جانوروں کے روائیے شیروں سے ملتے جلتے ہیں لیکن دوسری بڑی بلیوں سے نہیں اور یہ بھی کہ اپنے شکار کے لیے بہت محاللک ہوتے ہیں,0.17391304347826086,False,False
سندربن دنیا کا سب سے بڑا ساحلی مینگروو بیلٹ ہے جو ساحلی علاقے سے بنگلادیشی اور ہندوستان کے دور افتادہ پسماندہ علاقے میں 80 کیلو میٹر 50 میل تک پھیلا ہوا ہے,سندھربل دنیا کا سب سے بڑا ساہیدی میکرو پیلٹ ہے جو ساہید علاقے سے بنگلا تیشی اور ہندوستان کے دور افتدادہ پاسماندہ علاقے میں اسی کلومیٹر یعنی کے پچھانی ملتک پھیلہ ہوا ہے,0.5,False,True
15اگست 1940 کو اتحادی افواج نے جنوبی فرانس پر حملہ کر دیا اس حملے کو آپریشن ڈریگن کا نام دیا گیا,پندرہ اگرس تنیس سو چالیس کو اتحادی افواجی نے جنوبی فرانس پر حملہ کر دیا اس حملے کو اپریشنڈ ریگن کا نام گیا گیا,0.42857142857142855,False,True
دوسری طرف سرد اور برفیلے موسم عام طور پر بہت سے ممالک میں ہوتے ہیں اور اکثرسارا سال آنے جانے میں کوئی رکاوٹ پیش نہیں آتی ہے,دوسری طرف سرط اور برفیلی موسم عام طور پہاہت سے ممالک میں ہوتے ہیں اور رکھسر سارہ سال آنے جانے میں کوئی رقابت پیش نہیں آتی,0.2962962962962963,False,False
انقلابی جنگ کے دوران تیرہ ریاستوں نے متحدہ ریاستوں کے آرٹیکل کے تحت کانگریس کے ساتھ جو ان کا واحد جزء تھا پہلے ایک کمزور مرکزی حکومت بنائی,ان کلابی جنگ کے دوران تیرہ ریاستوں نے متہدر ریاستوں کے اارٹیکل کے تحت کنگریس کے ساتھ جو ان کا واحد جزا تھا پہلے ایک کمزور مرکزی حکومت نہیں,0.25,False,False
درمیانی درجہ کے بیٹس مین سچن ٹنڈولکر اور راہول ڈریوڈ نے اچھی کارکردگی دکھائی اور انہوں نے مل کر سو رن بنائے,درمیانی درجہ کے بیٹسمن سچنٹ انڈولکل اور راہول ڈرائیڈ نے اچھی کار کردے کی دکھائی اور انہوں نے ملکلٹ سوران بنائے,0.5454545454545454,False,False
اس کمپلیکس کے کناروں پر اکثرت عمارات کی دوبارہ تعمیر ہوئی ہے تاکہ ٹورسٹس کو صحیح پتہ چل سکے کہ وہ اصلا کیسی تھیں,اس کمپلیکس کے کناروں پر اکثرت عمرات کی دوبارہ تامیر ہوئی تاکہ ٹرورٹس کو صحیح پتہ چل سکے کہ بوسلن کیسی تھی,0.2916666666666667,False,False
ڈینیئل لینٹیگنے اس بیماری پر اقوام متحدہ کے ایک ماہر نے بیان دیا کہ یہ پھیلاؤ ممکنہ طور پر امن قائم کرنے والے افراد کے باعث ہ وا ہے,دینیل لینٹینگ نے اس پیماری پر اکوامی متحدہ کے اکمائیر نے بیان دیا ہے کہ یہ پھیلا ممکنہ دور پر آمن کائم کرنے والے افراد کے بائس ہوا ہے,0.5172413793103449,False,False
بہت سے لوگ ان کو ڈائنو سور تسلیم نہیں کرتے کیوں کہ وہ بال و پر رکھتے اور اڑنے کے قابل تھے,بہت سے لوگ ان کو ٹائناس اور تسلیم نہیں کرتے کیونکہ وہ بال وپر رکھتے ہیں اور ان کے قابل تھے,0.36363636363636365,False,False
اس لئے کہا جاتا ہے کہ اس شکل کا آسپیکٹ ریشیو سب سے سادہ مجموعی نمبر ریشیو حاصل کرنے کے لئے بارہ سے تقسیم دے کر 3 2 ہوتا ہے,اس لی کہا جاتا ہے کہ اس شکل کا آسپیکٹ ریشو سب سے سادہ مجبوئی نمبر ریشو حاصل کرنے کے لئے 12 سے تکسیم دیکھ کر 3 ریشو دو ہوتا ہے,0.3,False,True
سینٹ پیٹرز برگ کروز میں قصبے میں گزارا جانے والا تفریحی وقت شامل ہے کروز کے مسافروں کو ویزا کے تقاضوں سے استثنی حاصل ہے شرائط کی پڑتال کریں,سائنٹ پیٹرس پر کراوز میں کسپیم گزارہ جانے والا تفریحی وقت شاملے کراوز کے مسافروں کو ویزہ کے تکازوں سے اس تسنا حاصلے شرایت کی پرتال کریں,0.5862068965517241,False,False
چاند کی سطح چٹانوں اور گرد سے بنی ہے چاند کی بیرونی سطح پرت کہلاتی ہے,چان کی ستا چٹانوں اور کرد سے بنای ہے چان کی بیرونی ستا پرد کہلاتی ہے,0.4375,False,False
یہ رپورٹ عراق کی سمت ایگزیکٹیو کی پالیسی کے ہر پہلو پر نکتہ چیں ہے اور وہ فوری طور سے جہت کی تبدیلی پر زور دیتی ہے,یہ رپورٹی راک سمت اگزکٹیف کی پالیسی کے ہر پیلو پر نکتا چی ہے اور وہ فوری طور سے جہد کے تبدیل پر زور دیتی ہے,0.37037037037037035,False,False
اگر آپ نے فلم نیشنل ٹریژر دیکھی ہے تو آپ کو گمان ہو گا کہ اعلان آزادی کے پشت پر ایک خزانے کا نقشہ لکھا گیا تھا,اگر آپ نے فیلم نیشنل ٹریڈرس دیکھی ہے تو آپ کو گمان ہوگا کہ ایلان عزادی کے پشت پر ایک خزانے کا نقشہ بھی لکھا گیا تھا,0.25925925925925924,False,False
اکتوبر میں شروع ہونے والے حکومت مخالف مظاہروں پر مارٹیلی کا ردعمل کمیشن تھا,اکتوبر میں شروع ہونے والے حکومت مقارف مظاہروں پر مارٹ فیلی کا رتعمل کمیشن تھا,0.2857142857142857,False,False
ٹریفک کا بہاؤ انفرادی ڈرائیورز اور دو مقامات کے درمیان گاڑیوں کی حرکات اور ایک دوسرے کے ساتھ ان کے ہونے والے تعاملات کے مطالعے کا نام ہے,ٹریفک کا بہاو انفرادی ٹریورز اور دو مقامات کے ترمیان کاریوں کی حرقات اور اہی دوسرے کے ساتھ ان کے ہونے والے تعاملات کے مطاقلے کا نام ہے,0.25,False,False
اگر آپ دیہی سڑکوں پر ڈرائیونگ کی عادی نہیں ہے تو آپ الرٹ رہیں ان راستوں میں اونچ نیچ تنگ لین اور اچانک تیز موڑ زیادہ ہوتے ہیں,اگر آپ دے ہی سڑکو پر ڈرائیونگ کی عادی نہیں ہے تو آپ علیت رہے ہیں ان راستوں پر انجنیش دنگلین اور اچانک تیز موڈ زیادہ ہوتے ہیں,0.42857142857142855,False,False
ہسپتال نے انفیکشن پر قابو پانے کے لیے پروٹوکول کی تقلید کی ہے جس میں مریض کو دیگر سے علیحدہ کرنا شامل ہے تاکہ دیگر افراد کے ممکنہ انفیکشن سے بچا جا سکے,حسبتان نے انفیکشن پر کابوپ آنے کے لئے پرانٹوکول کی تقلید کی ہے جس میں مریز کو دیگر سے علیدہ کرنا شامل ہے تاکہ دیگر آفرات کے ممکنہ انفیکشن سے بچا جا سکے,0.24242424242424243,False,False
اکثر تقلیدی چرچ ایسٹر کی تعطیل میں شنبہ کی رات شب بیداری کرتے ہیں آدھی رات ہوتے یی تمام عبادت گزار مسیح کے دوبارہ زندہ ہونے کا جشن مناتے ہیں,اکسر تکلیدی چورج ایسٹر کی تاتیل میں شمبا کی راج شبے بیداری کرتے ہیں آدی رات ہوتی ہی یہ تمام عبادت گزار مسئی کے دبارہ زندہ ہونے کا چشن مناکتے ہیں,0.5,False,False
نیکسٹ جین ایک ایسا نظام ہے جو کہ ایف اے اے کے دعوؤں سے ہوائی جہاز کو چھوٹے راستوں پر پرواز کرنے کی اجازت دیتا ہے جس سے وہ ہر سال لاکھوں گیلن ایندھن بچاتے ہیں اور کاربن کے اخراج کو کم کرتے ہیں,نکس ٹیین ایک ایسا نظام ہے جو کہ فا ایک داووں سے ہوای جہاز کو چھوٹے راستوں پر پرواز کرنے کی جاتا دیتا ہے جس سے وہ ہر سال لاخو گیلن انتر بچاتے ہیں اور کاربن کے اخراج کو کم کر دیتے ہیں,0.29545454545454547,False,False
آگ سے بچاؤ کے عملے نے آخرکار رات 11 35 پر آگ پر قابو پا لیا,آگ سے بچاو کہ املے نے آخر خار رات کیارہ وچکر 35 منت پر آگ پر قابو پا لیا,0.5,False,True
اگر آپ ایکشن کو بالکل قریب سے دیکھنا چاہتے ہیں تو آپ کو موسیقی کے قریب کیمپنگ کے مقام پر جگہ پانے کیلئے جلدی جانا ہوگا,اگر آپ ایکشن کو بلکل قریب سے دیکھنا چاہتے ہیں تو آپ کو موسیقی قریب کمپن کے مقام پر جگہ پانے کے لئے جلدی جانا ہوگا,0.19230769230769232,False,False
جزیرہ ہانگ کانگ کے نام سے ہانگ کانگ خطے کا نام پڑا ہے اور یہ وہ جگہ ہے جسے بہت سارے سیاح اپنی سیاحت کا مرکز سمجھتے ہیں,جزیرہ ہونککن کے نام سے ہونککن کھتے کا نام پڑا ہے اور یہ وہ جگہ ہے جسے بہت سارے سائیہ اپنی سیاہت کمر کا سمشتے ہیں,0.35714285714285715,False,False
اس سے گیم کھیلنے والے اس قابل ہو جائیں گے کہ ڈیوائس کو ہوا میں ہلا کر ویڈیو گیمز کے افعال و حرکات کو کنٹرول کر سکیں,اس سے غیم خیلنے والے اس کابل ہو جائیں گے کہ ڈیوائیسٹ کو ہوا میں ہلا کر ویڈیو گیم کی اپالو حرقات کو کنٹول کر سکیں گے,0.4074074074074074,False,False
توار کے دن کے آخر میں امریکہ کے صدر ڈونلڈ ٹرمپ نے پریس سکریٹری کے ذریعہ ایک بیان میں اعلان کیا کہ امریکی فوج شام چھوڑ دیں گی,اتھوار کے دن کے آخر میں امریکہ کی صدر ڈونل ٹرم نے پرس سیکارٹی کے ذریعے ایک بیان میں اعلان کیا کہ امریکی فرش شام چھوڑ دیں گی,0.2857142857142857,False,False
اگرچہ گوما معقول حد تک محفوظ ہے تاہم گوما سے باہر کسی بھی قسم کے دوروں پر شمالی کیوو صوبے میں جاری لڑائی کی حالت کو سمجھنے کے لیے تحقیقات ہونی چاہئیں,اگر چک گوما مقبل حتک محفوظ ہی تھا ہم گوما سے باری کسی بھی کسی بھی کسم کے دوروں پر شمالی کیف سوبے میں جاری لڑائی کی حالت کو سمشنے کے لئے تحققات ہونے چاہیئے,0.59375,False,False
ہاٹ چاکلیٹ بلجین معیار کی ہے فروٹ جوس مہنگا ہے لیکن خوب ہے,اور چاکلرٹ بیلجن میار کی ہے فروٹ جو اس مینگہ ہے لیکن خوب ہے,0.5384615384615384,False,False
نتیجے کے طور پر کسی رکاوٹ پر قابو پانے کے لئے مل کر کام کرنے والی کسی تنظیم کا عمل صارف کی ضرورت کو پورا کرنے کے لئے ایک جدید اختراعی عمل کا باعث بن سکتا ہے,نتیجے کا طور پر کسی رکاورٹ پر کابو پانے کے لیے مل کر کام کرنے والے کسی تنظیم کا عمل سارف کی ضرورت کو پڑھا کرنے کے لیے ایک جدید ایک طرحی عمل کا بائس بن سکتا ہے,0.2972972972972973,False,False
ایک آدمی صرف سوچ سکتا ہے کہ جب کوئی نئی چیز سامنے آتی ہے تو کیی بورڈ کیا ہوجائے گا,ایک آدمی صرف سوچ سکتا ہے کہ جب کوئی نئی چیز سامنے آتی ہے تو کئی بورٹ کیا ہو جائے گا,0.2,False,False
توار کے دن کے آخر میں امریکہ کے صدر ڈونلڈ ٹرمپ نے پریس سکریٹری کے ذریعہ ایک بیان میں اعلان کیا کہ امریکی فوج شام چھوڑ دیں گی,اتوار کے دن کے آخر میں امریکہ کے سدر دونلٹروم نے پریس سکلٹری کے ذریعے ایک بیان میں الان کیا کہ امریکی فوج شام چھوڑ دیں گی,0.25,False,False
یہ کرسٹ نزدیکی جانب تقریبا 70 کلومیٹر دبیز ہے اور دوسری جانب 100 کلومیٹر دبیز ہے,یہ کریس نظرے کی جانب تقریبا سبتر کلومیٹر دبیز اور دوسی جانب سو کلومیٹر دبیز ہے,0.4375,False,True
سبھی چیزوں پر غور کرتے ہوئے ہمیں تعجب نہیں کرنا چاہئے اگر ہمارے اپنے آباؤ اجداد نے اپنے پروٹین کا مسئلہ اسی طرح حل کیا تھا جس طرح آج لنگور وسیع میدانوں میں کرتے ہیں,سبھی چیزوں پر گور کرتے ہوئے ہمیں تعجوب نہیں کرنا چاہئے اگر ہمارے اپنے ابا و اشتاد نے اپنے پروٹین کا مسئلہ اسی طرح حل کیا تھا جس طرح آج لنگور و اسی مدانوں میں کرتے ہیں,0.22857142857142856,False,False
جب یہ اکثر ایک غلط متعصب نظریہ ہے پیرس میں جانے کا سب سے بہترین طریقہ اچھا رویہ پیش کرنا اور ایسے شخص کی طرح عمل کرنا ہے جس کی پرورش اچھی ہوئی ہو یہ چیز سفر کو قابل لحاظ حد تک آسان بنا دے گی,جب یہ اکثر ایک گلت مدعسیب نظریا ہے پیرس میں جانے کا سب سے بہترین طریقہ اچھا رویہ پیش کرنا اور ایسے شرقز کی درہاں عمل کرنا ہے جس کی پرورش اچھی ہوئی ہو یہ چیز سپر کو قابلے لحاظے حتک آسان بنا دکی,0.2608695652173913,False,False
جس عہد میں یہ واقعات پیش آئے اسے عام طور پر 11ویں 12ویں اور 13ویں صدی 1000 1300عیسوی میں یوروپی تاریخ عہد کا قرون وسطی کہا جاتا ہے,جس اہد میں یہ اوقات پیشائے اسے عام طور پر گیاروی باروی اور تیروی صدی میں یورپی تاریخ اہد کا خرون واستکہ آجاتا ہے,0.5357142857142857,False,True
اس سے گیم کھیلنے والے اس قابل ہو جائیں گے کہ ڈیوائس کو ہوا میں ہلا کر ویڈیو گیمز کے افعال و حرکات کو کنٹرول کر سکیں,اس سے گیم کھلنے والے اس قابل ہو جائیں گے کہ ڈیوائز کو ہوا میں ہلا کر ویڈیو گیم کے افالو حرقات کو کنٹول کر سکیں گے,0.2962962962962963,False,False
یہ کسی کیلئے ایک وائلڈ کارڈ خریدنے کے لحاظ سے بھی فائدہ مند ہوسکتا ہے جو جنوبی افریقہ کے پارکوں کے انتخاب یا جنوبی افریقہ کے تمام قومی پارکوں میں داخلہ فراہم کرتا ہے,یہ کسی کے لیے ایک وائلٹ کارٹ کھریتنے کے لحاظ سے بھی فائدہ مند ہو سکتا ہے جنوبی افریکہ کی پارکوں کے انتخاب یا جنوبی افریکہ کے تمام کومی پارکوں میں داخلہ فرام کرتا ہے,0.38235294117647056,False,False
آپیا سموآ کا دار الحکومت ہے یہ شہر ا پولو جزیرہ میں آباد ہے اور اس کی آبادی چالیس ہزار40 000 کے اندر ہے,آپ یہ سموہ کا دارہ حکومت ہے یہ شہر اپولو جزیرہ میں عباد ہے اور اس کی عبادی چالیس ہزار کے اندر ہے,0.4583333333333333,False,True
درمیانی درجہ کے بیٹس مین سچن ٹنڈولکر اور راہول ڈریوڈ نے اچھی کارکردگی دکھائی اور انہوں نے مل کر سو رن بنائے,درمیانی درجے کے بیٹسمن سچنٹڈول کر اور راہول ڈیوٹ نے اچھی کار کر دے گی دکھائی اور انہوں نے مل کر سورن بنائے,0.5454545454545454,False,False
1976 تک ماچو پیچو کا تیس فیصد حصہ بحال کر دیا گیا تھا اور آج کی تاریخ تک بحالی جاری تھی,انیس سو چیہتر تک ماتو پیچو کا تیس فیصد حصہ بحال کر دیا گیا تھا اور آج کی تاریق تک بحالی جاری ہے,0.2857142857142857,False,True
ایک بم گورنر جنرل کے دفتر کے باہر پھٹا,ایک بم گورنل جرنر کے دفتر کے باہر پھٹا,0.2222222222222222,False,False
نیز ہر ایک خاندان کے درمیان منقسم صوبوں کا ایک غیر مستحکم دور تھا ان ادوار کا سب سے مشہور زمانہ تھری سلطنتوں کا عہد تھا جر ہان اور جن خاندان کے ما بین 60 سال تک جاری رہا,نیز ہر ایک خاندان کے درمیان منکسم سوبوں کا ایک گیر مستیقم دور تھا ان ادوار کا سب سے مشہور زمانہ سلطنتوں کا احت تھا جرحان اور جن خاندان کے مابین سارت سلطک جاری رہا,0.3333333333333333,False,True
بگ کی اصطلاح ماہرین حشریات کے ذریعے حشرات ارض کے اس گروہ کے لئے رسمی مفہوم میں استعمال ہوتی ہے,بوک کی استلام آہیری نے حشریات کے ذریعہ حشریات آرز کے اس گروہ کے لیے رسم مفہوں میں استعمال ہوتی ہے,0.5,False,False
یہ کسی کیلئے ایک وائلڈ کارڈ خریدنے کے لحاظ سے بھی فائدہ مند ہوسکتا ہے جو جنوبی افریقہ کے پارکوں کے انتخاب یا جنوبی افریقہ کے تمام قومی پارکوں میں داخلہ فراہم کرتا ہے,یہ کسی کے لیے ایک وائلٹ کار کھریتنے کے لحاظ سے بھی فائتہ منت ہو سکتا ہے جنوبی افریکہ کے پارکوں کے اندخال بھی جنوبی افریکہ کے تمام کومی پارکوں میں داخلہ فرحم کرتا ہے,0.47058823529411764,False,False
یہ اکیلے کافی نہیں تجریب یا تجربہ وہ ٹیسٹ یا اختیار ہے جس کے ذریعہ ایک یا زائد مفروضات کو رد کیا جاتا ہے سوالات تشکیل دیے جاتے ہیں مشاہدات کے اندراج سے بھی سائنسی رسرچ میں رہنمائی ملتی ہے,یہ اکیلے کافی نہیں ہے تجریب یا تجربہ وہ تیستی ایک تیار ہے جس کے ذریعے ایک ازائد مفروضات کو رت کیا جاتا ہے سوالات تشکل دیے جاتے ہیں مشاہدات کے انجراج سے بھی سائنسی ریسارچ میں رہنمائی ملتی ہے,0.275,False,False
دماغ کی پتھالوجی اور فردی سلوک کے مابین تراب ط سے سائنس دانوں کو ان کی تحقیقات میں مدد ملتی ہے,دماغ کی پیثالوجی اور فردی سلوک کے درمیان تو رابت سے سائنسٹانوں کو ان کی تحققات میں مدت ملتی ہے,0.38095238095238093,False,False
سن 1963ء میں ڈیم کی تعمیر کے بعد موسمی سیلاب جو دریا بھر میں تلچھٹ پھیلاتے ہیں کو روک دیا گیا تھا,سن امیسوط ریسٹ میں دیم کی تامیر کے بعد موسمی سلاب جو دریہ بھر میں تلچٹ پھیلاتے ہیں روک دیا گیا,0.4090909090909091,False,True
جس طرح سے چاند زمین پر کشش ڈالتا ہے جس سے جوار بھاٹا پیدا ہوتا ہے اسی طرح سے ملکی وے برج قوس کہکشاں پر طاقت ڈالتی ہے,جس طرح سے چان زمین پر کشش تلتا ہے جس سے جوار بھرٹہ پیدا ہوتا ہے اسی طرح سے ملکی وے برجے کوس کہہ کے شاہ پر تاکر تلتی ہے,0.35714285714285715,False,False
مصر کے وادی اموات میں واقع جیزہ پلیٹو یا جیزہ نیکروپولیس میں متعدد اہرام جن میں اہرام عظیم سب سے بڑا ہے متعدد چھوٹے مقبرے متعدد معابد اور ابو الھول شامل ہے,مصر کے وادی اموات میں واقعی جیزہ پلیٹو یا جیزہ نیکرو پولیس میں موت عدد احرام جن میں احرامے عظیم سب سے بڑائے موت عدد چھوٹے مکبرے موت عدد معابد اور ابول حال شامل ہیں,0.5,False,False
اس کمپلیکس کے کناروں پر اکثرت عمارات کی دوبارہ تعمیر ہوئی ہے تاکہ ٹورسٹس کو صحیح پتہ چل سکے کہ وہ اصلا کیسی تھیں,اس کمپلیکس کے کناروں پر اکسرت امراد کی تبارہ تامیر ہو جی ہے تاکہ تورس کو صحیح پتہ چاہتے ہیں کہ وہ اصلین کیسیں تھی,0.5,False,False
ان کے پیروں میں چھلکے اور پنجے ہوتے ہیں وہ انڈے دیتے ہیں اور وہ اپنی پچھلی دونوں ٹانگوں پر ٹی ریکس کے مانند چلتے ہیں,ان کے پیرو میں چھلکے اور پنجے ہوتے ہیں وہ ونڈے دیتے ہیں اور وہ اپنی پشلی دونوں ٹانگوں پر ٹی ریکس کے ماند چلتے ہیں,0.15384615384615385,False,False
