ref,hyp
ان کے دور میں خفیف تلو ث ایزا مسئلہ نہیں تھا جیسا کہ وہ آج ہے ان کی سکونت ایسے شہروں یا حوزات میں ہے جہا ں تک بآسانی پہنچا جا سکتا ہے بہ نسبت ان مقامات کے جو ماڈرن زمانے میں تعمیر کئے گئے,ان کے دور میں خفیق تلویس ایزا مسئلہ نہیں تھا جیسا کہ وہ آج ہے ان کی سکونت ایسے شہروں یا حوزات میں ہے جہاں تک بہت سانی پہنچا جا سکتا ہے بنسبت ان مقامات کے جو مادرن زمانے میں تعمیر کیے گئے
فلپائنی فوٹوگرافروں کے ساتھ چھےاغوا شدگان کو جلد رہا کر دیا گیا تھا ج ن میں بچ ے اور ب وڑھے شامل تھے,فیلپائنی فوٹوگرافروں کے ساتھ چھے اگوا شدگان کو جل رہا کر دیا گیا تھا جن میں بچے اور بڑے شامل تھے
اس کے لانبے جبڑوں میں 70 سے زیادہ استرے سے تیز دانت جڑے تھے اور اسی کے ساتھ اس کے منہ کے تالو میں دانتوں کی ایک مزید لڑی تھی اس کے معنی یہ ہیں کہ اس کے راستہ میں آنے والی کوئی شے اس سے بھاگ نہیں سکتی,اس کے لامبے جھبڑوں میں ستر سے زیادہ استرے سے تیز دان چھوڑے تھے اور اس کے ساتھ اس کے موں کے تالوے میں دانتوں کی ایک مزید لڑی تھی اس کے معنی یہ ہے کہ اس کے راستے میں آنے والا کوئی شے اس سے بھاگ نہیں سکتی
اکتوبر میں شروع ہونے والے حکومت مخالف مظاہروں پر مارٹیلی کا ردعمل کمیشن تھا,اکتوبر میں شروع ہونے والے حکومت مخالف مظاہر و پرمائٹلی کا ردیعمل کمیشن تھا
ہسپتال نے انفیکشن پر قابو پانے کے لیے پروٹوکول کی تقلید کی ہے جس میں مریض کو دیگر سے علیحدہ کرنا شامل ہے تاکہ دیگر افراد کے ممکنہ انفیکشن سے بچا جا سکے,ہسپتال نے انفیکشن پر قابو پانے کے لیے پروٹاکول کی تقلید کی ہے جس میں مریض کو دیگر سے علیہ دا کرنا شامل ہے تاکہ دیگر افراد کے ممکنہ انفیکشن سے بچا جا سکے
یہ سمجھدار معلوم ہوتا ہے کیوں کہ زمین ایسا محسوس نہیں کرتی ہے کہ جیسے وہ حرکت کررہی ہے کیا ایسا کرتی ہے,یہ سمجھتار معلوم ہوتا ہے کیونکہ زمین ایسا محسوس نہیں کرتی ہے کہ جیسے وہ حرکت کر رہی ہے کیا ایسا کرتی ہے
ا تاوا کناڈا کی دلکشی دو زبانی دارالحکومت ہے اور وہاں متعدد آرٹ گیلریاں اور عجائب گھر ہیں جو کناڈا کے ماضی اور حال کی عکاس ہیں,اتاوہ کینیڈا کی دلکشی دو زبانی دار حکومت تھے اور وہاں متعدد آرٹ کیلویاں اور عجائب گھر ہیں جو کینیڈا کے ماضی اور حال کی اکاس ہیں
جو کوئی اونچے ارض البلد میں گاڑی چلانے جا رہا ہو یا پہاڑیوں سے گزر رہا ہو انہیں ممکنہ برف باری آئس یا منجمد کرنے والے درجہ حرارت کا خیال رکھنا چاہئے,جو کوئی اونچے ارزل پدل میں گاڑی چلانے جا رہا ہو یا پہاڑوں سے گزر رہا ہو انہیں ممکنہ برف پاری آئس یا منچمیت کرنے والے درجہ حرارت کا خیال رکھنا چاہیے
آپ کے ہاتھ پر موجود نمی بیرونی سطح کے خلاف ردعمل ظاہر کرے گی جس سے سنسناہٹ سی محسوس ہو گی اور ایک خول نما شئے بنا دے گی,آپ کے ہاتھ پر موجود نمی بیرونی سطح کے خلاف رد عمل ظاہر کرے گی جس سے سنسنہت سے محسوس ہوگی ایک قول نمشہ بنا دے گی
بالی میں دیگر ایجنڈے میں دنیا کے باقی ماندہ جنگلات کا تحفظ اور کم آلودگی کے طریقے سے ترقی کرنے کیلئے ترقی پذیر ممالک کے ساتھ ٹیکنالوجز کا اشتراک کرنے کا موضوع شامل کیا گیا,بالی میں دیگر ایجنڈے میں دنیا کے باقی ماندہ جنگلات کا تحافظ اور کم آلودگی کے طریقے سے ترقی کرنے کے لیے ترقی پذیر ممالک کے ساتھ ٹیکنالوجیز کا اشتراک کرنے کا موضوع شامل کیا گیا
اٹلانٹک ہریکین سیزن کے دسواں نامی طوفان سب ٹراپیکل اسٹارم جیری آج بحراوقیانوس میں بن گیا,اٹلانٹک ہریکن سیزن کے دسویں نامی طوفان سب ٹروپیکل اسٹرانجری آج بہرہ وکیانوس میں بن گیا
آسٹریلیا کے مائیکل گورلی نے مردوں کے اسٹینڈنگ سوپر جی میں گیارہواں مقام حاصل کیا جب کہ مردوں کے سیٹنگ سوپر جی میں چیک کے حریف اولڈریچ جیلنیک چھٹے مقام پر رہے,آسٹریلیا کے مائیکل گالڈی نے مردوں کے اسٹینڈنگ سوپر جی میں گیاروں مقام حاصل کیا جبکہ مردوں کے اسٹینڈنگ سوپر جی میں چیک کے حریف آلڈرائز چیلننگ چھوٹے مقام پر رہے
بکریوں کو غالبا سب سے پہلے ایران کے زغروز پہاڑوں میں قریبا 10 000 سال پہلے گھروں میں پالا گیا,بکریوں کو غالبا سب سے پہلے ایران کے زگزروز پہاڑوں میں قریبا دس ہزار سال پہلے گھروں میں پالا گیا
جس عہد میں یہ واقعات پیش آئے اسے عام طور پر 11ویں 12ویں اور 13ویں صدی 1000 1300عیسوی میں یوروپی تاریخ عہد کا قرون وسطی کہا جاتا ہے,جس اہد میں یہ واقعات پیش آئے اسے عام طور پر گیارویں بارویں اور تیرویں صدی میں یورپی تاریخ اہد کا قرون وستی کہا جاتا ہے
ایلویس بنیادی طور پر دو یا دو سے زیادہ دھاتوں کا مرکب ہوتا ہے یہ مت بھولئے کہ کیمیائی دوری جدول پر بہت سے عناصر موجود ہوتے ہیں,ایلویس بنیادی طور پر دو یا دو سے زیادہ دھاتوں کا مرقب ہوتا ہے یہ مت بھولے کی کیمیائی دوری ہے جدول پر بہت سے اناثر موجود ہوتے ہیں
اس نے مزید کہا کہ تاہم ان سے اس ذمہ داری کا نا پوچھا جائے جو ان کی ترقی کے مرحلے فرض اور صلاحییتوں سے آگے بڑھ گئے ہیں,تاہم اس نے مزید کہا کہ ان سے اس ذمہ داری کا نہ پوچھا جائے جو ان کی ترقی کے مرحلے فرض اور صلاحیتوں سے آگے بڑھ گئے ہیں
بلاگ طلبہ کی تحریری قابلیت کوبھی بہتر بنا سکتے ہیں طلبہ اپنی بلاگ نویسی کی شروعات گرامر اور اسپلنگ کی غلطیوں سے کرتے ہیں سر انجام بلاگ خوانوں کی جماعت اسے درست کر دیتی ہے,بلوگ طلبہ کی تحریری قابلیت کو بھی بہتر بنا سکتے ہیں طلبہ اپنی بلوگ نویسی کے شروعات گرامر اور سپیلنگ کی گلتیوں سے کرتے ہیں سرانجام بلوگ خوانوں کی جماعت اسے درست کر دیتی ہے
فوٹوگرفرس بعد میں اس بوڑھی عورت کی جگہ بیٹھ گئے جو رفع حاجت کے لئے گئی مینڈوزا کو گولی مار دی گئی,فوٹوگرافرز بعد میں اس پوری عورت کی جگہ بیٹھ گئے جو رفعہ حاجت کے لیے گئی منڈوزا کی کو گولی مار دی گئی
ان کے یہاں عموما مخصوص اطعمہ مشروبات اور ترفیہات کی آفرس ہوتی ہیں تاکہ مہمانوں کا موڈ اچھا رہے اور وہ اس مقام پر قیام کرتے رہیں,ان کے یہاں عموما مقصود آتامہ مشروبات اور ترفیحات کی آفرز ہوتی ہیں تاکہ مہمانوں کا موڈ اچھا رہے اور وہ اس مقام پر قیام کرتے رہیں
اسکیئنگ روٹ کے بارے میں اسی طرح سوچو جس طرح ہائکنگ یا پیادہ روی کے روٹ کے بارے میں,سکینگ روٹ کے بارے میں اس طرح سوچو جس طرح ہائیکنگ گیپ یادہ روی کے روٹ کے بارے میں
اولیور سیکس نے اپنے اخبار دی پریزیڈنٹ اسپیچ میں اشارہ دیا کہ ایسے افراد جو دماغ میں نقص ہونے کی وجہ سے بات چیت سمجھنے کے قابل نہیں ہوتے ہیں وہ کیسے اخلاص کا درست طریقے سے اندازہ لگانے کے قابل ہیں,اولیور سیکس نے اپنے اخبار دی پریزیڈنٹ سپیچ میں اشارت دیا کہ ایسے افراد جو دماغ میں نقص ہونے کی وجہ سے بات چیز سمجھنے کے قابل نہیں ہوتے ہیں وہ کیسے اخلاص کا درست طریقے سے اندازہ لگانے کے قابل ہیں
اوپر صاف خوبصورت آسمان اور آس پاس کی بہت سی پہاڑیوں کے علاوہ کچھ بھی نظر نہیں آتا تھا اس دنیا کے بارے میں غار سے بہت ہی کم دیکھا یا سنا جاسکتا تھا,اوپر صاف خوبصورت آسمان اور راست پاس کی بہت سی پہاڑیوں کے علاوہ کچھ بھی نظر نہیں آتا تھا اس دنیا کے بارے میں غار سے بہت ہی کم دیکھا یا سنا جا سکتا ہے
ان جوڑوں کو اپنے بچ ے کے لیے ایک ایڈاپشن پلان بنانے کا انتخاب کرنا پڑے گا,ان جوڑوں کو اپنے بچے کے لیے ایک اڈاپشن پلان بنانے کا انتخاب کرنا پڑے گا
سندربن دنیا کا سب سے بڑا ساحلی مینگروو بیلٹ ہے جو ساحلی علاقے سے بنگلادیشی اور ہندوستان کے دور افتادہ پسماندہ علاقے میں 80 کیلو میٹر 50 میل تک پھیلا ہوا ہے,سندربند دنیا کا سب سے بڑا ساحلی منگرو بیلٹ ہے جو ساحلی علاقے سے بنگلہ دیش اور ہندوستان کے دورے افتداء پسماندہ علاقے میں اسی کلومیٹر یعنی پچاس میل تک پھیلا ہوا ہے
قرون وسطی کے آخر میں مغربی یوروپ نے اپنے طرز کو ترقی دینا شروع کیا اس وقت کی سب سے بڑی ترقیوں میں سے ایک کا وجود صلیبی لوگوں کے کپڑے کو جکڑنے کیلئے بٹن کے استعمال کے چلن کو عام کرنا تھا,کرونے وستی کے آخر میں مغربی یورپ نے اپنے طرز کو ترقی دینا شروع کیا اس وقت کی سب سے بڑی ترقیوں میں سے ایک کا وجود صلیبی لوگوں کے کپڑوں کو جھکڑنے کے لیے بٹن کے استعمال کے چلن کو عام کرنا تھا
ان کے منظم دفاع بال ہینڈلنگ کی مہارت اور عمدہ ٹیم ورک نے انھیں پامردی سے کھڑے ہونے کا حوصلہ دیا اور یہ بات واضح ہوگئی کہ یہی ٹیم شکست دینے والی ہے,ان کے منظم دفاع بال ہینڈلنگ کی مہارت اور امدہ ٹیم ورک نے انہیں پامردی سے کھڑے ہونے کا حوصلہ دیا اور یہ بات واضح ہو گئی کہ یہی ٹیم شکست دینے والی ہے
کاسا بلانکا پورس مراکش میں خریداری کرنے کے لئے سب سے کم پسندیدہ مقامات میں سے ایک ہے,کاسا بلانکا پورس مراکش میں خریداری کرنے کے لیے سب سے کم پسندیدہ مقامات میں سے ایک ہے
اس ویلز نے در اصل شروع سے ہی ہم سے جھوٹ بولا سب سے پہلے تو اس طرح کے اقدام کرکے جیسے یہ قانونی وجوہات سے ہو دوسرے نمبر پر یہ ظاہر کرکے کہ وہ ہماری بات سن رہا ہے بالکل اپنے حذف کرنے کے فن کی طرح,اس نے دراصل شروع سے ہی ہم سے جھوٹ بولا سب سے پہلے تو اس طرح کے اقدام کر کے جیسا یہ قانونی وجوہات سے ہو دوسرا نمبر پر یہ ظاہر کر کے وہ ہماری بات سن رہا ہے بلکہ اپنے حضف کرنے کی فن کی طرح
جب لٹیروں کی ٹولیاں سڑکوں پر گھوم رہی تھیں اور کنزیومر گوڈس کے اسٹورس کو لوٹ رہی تھیں تو ایک مشاہد نے کہا کہ بشکیک لا قانونیت کی حالت میں غرق ہو رہا ہے,جب لوٹیرے کی ٹولیاں سڑکوں پر گھوم رہی تھی اور کنزیومر گوڑز کے سٹور کو لوٹ رہی تھی تو ایک مشاہد نے کہا کہ بشکیق لاقانونیت کی حالت میں گھر کھو رہا ہے
لیکن ان چڑیوں کی نسبت سے بہت سی باتیں جو ڈایناسور جیسی لگتی ہیں,لیکن ان چڑیوں کی نسبت سے بہت سی باتیں جو ڈائناسور جیسی لگتی ہیں
رومانویت میں ثقافتی عزم کا ایک بہت بڑا عنصر ہوتا ہے جو گوئٹے گوتلیب فشتے اور ش لیجل جیسے قلمکاروں سے اخذ کیا گیا ہے,رومانویت میں ثقافتی عظم کا ایک بہت بڑا انصر ہوتا ہے جو گوئٹے کو تلیف فشتے اور شلیجلم جیسے کلمکاروں سے اخذ کیا گیا
حادثہ ہونے کے بعد گبسن کو ایک ہسپتال تک پہنچایا گیا مگر وہ ک چھ دیر بعد ہی مرگیا,حادثہ ہونے کے بعد گپسن کو ایک ہسپتال تک پہنچایا گیا مگر وہ کچھ دیر بعد ہی مر گیا
یہ خدمت اکثر شپنگ بشمول تفریحی کشتی نیز مہم جوؤں کے ذریعے استعمال ہوتی ہے جن کو دور کی معلومت اور آواز کی ضرورت ہوتی ہے,یہ خدمت اکثر شپنگ بشمول تفریحی کشتی نیز مہم جوہوں کی سریع استعمال ہوتی ہے جن کو دور معلومت اور آواز کی ضرورت ہوتی ہے
اس سائٹ کے ساختوں پر نشان لگا کر یا گرافیٹی کھرچ کر اسے مسخ نہ کریں,اس سائٹ کے ساکتوں پر نشان لگا کر یا گرافٹی خرچ کر اسے مسک نہ کریں
مداگاسکر انتہائی بڑا ہے اور جب بات جنگلی حیات کی آتی ہے تو وہ بذات خود ایک برہ اعظم ہے,مدگ آسکر انتہائی بڑا ہے اور جب بات جنگلی حیات کی آتی ہے تو وہ بچاتے خود ایک بڑے آزم ہے
زیر آب ٹوپولوجی کی وجہ سے واپسی کی رفتار چند گہرے سیکشن پرمرکوز ہوتی ہے اور گہرے پانی میں تیز کرنٹ پیدا ہوسکتا ہے,زیرے آپٹوپولوجی کی وجہ سے واپسی کی رفتار چند گہرے سیکشن پر مرکوز ہوتی ہے اور گہرے پانی میں دیز کرن پیدا ہو سکتا ہے
حکمران جماعت ساوتھ ویسٹ افریقہ پیپلز آرگنائزیشن ایس ڈبلیو اے پی او نے بھی پارلیمانی الیکشنز میں اپنی اکثرییت برقرار رکھی,حکمران جماعت ساؤت ویسٹ افریقہ پیلز آرگنائزیشن اے ڈبلیو اے پی او نے بھی پارلیمانی الیکشنز اپنی اکثریت برقرار کھی
آخرکار ہہت سی چھوٹے قد کی بلیاں بشمول گھریلو بلیوں کے جو بڑی تعداد میں پائے جانے والے کیڑوں مکوڑوں اور چوہوں کو کھا جاتی ہیں,آخر قار بہت سی چھوٹی قد کی بلیاں بشمال و خریلی بلیاں کے جو بڑی تعداد میں پائے جانے والے کیڑوں مکوڑوں اور چوہوں کو کھا سکتی ہے
یہ تحقیق پرندوں میں پروں کے ارتقاء کا ادراک بھی فراہم کرتی ہے,یہ تحقیق پرندوں میں پروکیٹ تکا کے ادراک بھی فرہام کرتی ہے
تاہم یہ صحیح نہیں ہے اگرچہ دستاویز کی پشت پر کچھ لکھا ہوا ہے لیکن یہ خزانے کا نقشہ نہیں ہے,تاہم یہ صحیح نہیں ہے اگرچہ دستاویزات کی پشت پر کچھ لکھا ہوا ہے لیکن یہ خزانے کا نیکشن نہیں ہے
نیوی کا روایتی کام اس بات کو یقینی بنانا ہے کہ آپ کا ملک اپنے لوگوں اور سازو سامان کے نقل و حمل کی صلاحیت کو برقرار رکھ پائے جبکہ اسی اثناء میں آپ کے دشمن کی جانب سے اپنے لوگوں اور سازو سامان کی نقل و حمل کی صلاحیت میں رخنہ بھی ڈال سکے,نیوی کا روایتی کام اس بات کو یقینی بنانا ہے کہ آپ کا ملک اپنے لوگوں اور سازو سمان کے نقل و حمل کی صلاحیت کو برقرار رکھ پائے جبکہ اس اسنا میں آپ کے دشمن کی جانب سے اپنے لوگوں اور سازو سمان کے نقل و حمل کی صلاحیت میں رکھنا بھی ڈال سکے
کائنات میں موجود ہر چیز مادے سے بنی ہے تمام مادے چھوٹے چھوٹے ذرات پر مشتمل ہیں جو ایٹمز کہلاتے ہیں,کائنات میں موجود ہر چیز مادے سے بنی ہے تمام مادے چھوٹے چھوٹے ذرات پر مشتمل ہیں جو ایٹمز کہلاتے ہیں
1920کے دوران زیادہ تر شہریوں اور قوموں کا غالب رویہ امن پسندی اور تنہائی پسندی تھی,1920 کے دوران زیادہ تر شہریوں اور قوموں کا غالب روائیہ آمن پسندی اور تنہائی پسندی تھی
15اگست 1940 کو اتحادی افواج نے جنوبی فرانس پر حملہ کر دیا اس حملے کو آپریشن ڈریگن کا نام دیا گیا,پندرہ اگست انیس سو چالیس کو اتحادی افواج نے جنوبی فرانس پر حملہ کر دیا اس حملے کو آپریشن ڈرائگن کا نام دیا گیا
ہم اپنے گھر پودوں سے بناتے ہیں اور اپنے کپڑے پودوں سے تیار کرتے ہیں زیادہ تر کھانے جو ہم کھاتے ہیں پودوں سے تیار ہوتے ہیں پودوں کے بغیر جانور زندہ نہیں رہ سکتے,ہم اپنے گھر پودوں سے بناتے ہیں اور اپنے کپڑے پودوں سے تیار کرتے ہیں زیادہ تر کھانے جو ہم کھاتے ہیں پودوں سے تیار ہوتے ہیں پودوں کے بغیر جانور زندہ نہیں رہ سکتے
عمارتوں کی قطاریں جو ہانگ کانگ کی اسکائی لائن ترتیب دیتی ہیں ایک چمکتے ہوئے بار چارٹ کی صورت اختیار کر چکی ہیں جو وکٹوریہ ہاربر کے پانیوں کی موجودگی میں عیاں ہوتا ہے,امارتوں کی کتارے جو ہانگ کونگ کی سکائی لائن ترتیب دیتی ہیں ایک چمکتے ہوئے بار چارٹ کی صورت اکتیار کر چکی ہیں جو وکٹوریا ہاربر کے پانیوں کی موجودگی میں آیاں ہوتا ہے
احتیاط رکھیں کہ آپ کا کپڑا زیادہ گرم نہ ہونے پائے ورنہ یا تو وہ سکڑ جائے گا یا جھلس جائے گا,احتیاط رکھیں کہ آپ کا کپڑا زیادہ گرم نہ ہو پائے ورنہ یا تو وہ سکر جائے گا یا چھلس جائے گا
سندربن دنیا کا سب سے بڑا ساحلی مینگروو بیلٹ ہے جو ساحلی علاقے سے بنگلادیشی اور ہندوستان کے دور افتادہ پسماندہ علاقے میں 80 کیلو میٹر 50 میل تک پھیلا ہوا ہے,سندربہ دنیا کا سب سے بڑا ساحلی مینگرو بیلٹ ہے جو ساحلی علاقے سے بنگلہ دیشی اور ہندوستان کے دورے ہفتادہ بسماندہ علاقے میں اسی کلومیٹر پچاس میل تک پھیلا ہوا ہے
یہ تقریبا 400 عیسوی میں شروع عیش و عشرت کے محورکے طور پر جانا جاتا ہے اور یہ 1100 ویں عیسوی تک قائم رہا,یہ تقریبا چار سو عصوی میں شروع ایشو عشرت کے محور کے طور پر جانا جاتا ہے اور یہ گیارہ سو عصوی تک قائم رہا
شمال میں یہ علاقہ ساحل نے اور جنوب اور مغرب میں بحر اوقیانوس نے گھیر رکھا ہے,شمال میں یہ علاقہ ساحل نے اور جنوب اور مغرب میں بحر اوکیانوس نے گھر رکھا ہے
آخرکار ہہت سی چھوٹے قد کی بلیاں بشمول گھریلو بلیوں کے جو بڑی تعداد میں پائے جانے والے کیڑوں مکوڑوں اور چوہوں کو کھا جاتی ہیں,آخر کار بہت سے چھوٹے گت کی بلیاں بشمال گھریدو بلیوں کے جو بڑی تعداد میں پائے جانے والے کیڑوں مکوڑوں اور چوہوں کو کھا جاتی ہیں
شمالی جانب اور لیڈی آف فاطمہ کی عظیم خانقاہ مقبرے کا دورہ کریں ایک جگہ جو عالمی طور پر مشہور مریمی ظہور کی جگہ ہے,شمالی جانب لیڈی آف فاطمہ کی عظیم خان کا مقبرہ کا دورہ کریں ایک جگہ جو عالمی طور پر مشہور مریمی ظہور کی جگہ ہے
اگر موسم سرما میں شمالی بالٹک پار کر رہے ہیں تو کیبن کا مقام چیک کریں اس لئے کہ برف سے گزرتے وقت انتہائی وحشت ناک آواز ہوتی ہے جو ڈراتی ہیں,اگر موسم سرما میں شمالی پالٹک پارٹ کر رہے ہیں تو کیابن کا مقام چیک کریں اس لئے کہ برگ سے گزرتے وقت انتہائی وحشت ناک آواز ہوتی ہے جو ڈراتی ہے
یہاں اب بھی بہت سے مردو خواتین زندہ ہیں جنہوں نے یہاں زندہ رہنے کی جدوجہد کی اور بہت سے لوگ ہیں جن کے اپنوں کا قتل کر دیا گیا یا مرنے تک کام کرایا گیا جیسے یہودی اور غیر یہودی,یہاں اب بھی بہت سے مرد و خواتین زندہ ہیں جنہوں نے یہاں زندہ رہنے کی جتوجہد کی اور بہت سے لوگ ہیں جن کے اپنوں کا قتل کر دیا گیا یا مرنے تک کام کرائے گیا جیسے یہودی اور گیل یہودی
ایک گاڑی میں جب وہ پیرس واپس آئے توان کو ایک ہجوم نے گھیر رکھا تھا جو بادشاہ اور ملکہ کے خلاف نعرے لگا رہے تھے اور ان کو دھمکیاں دے رہے تھے,ایک گاڑی میں جب وہ پیرس واپس آئے تو ان کا ایک حجوم نے گھیر رکھا تھا جو باشا اور ملکہ کے خلاف نارے لگا رہے تھے ان کو تمکیہ دے رہے ہیں
دوسرے ممالک کے مسافروں کو بھاری ٹیکس دینے کا پابند کر کے بعض اوقات معقول مقدار میں رقم بچائی جا سکتی ہے خاص طور پر تمباکو اور شراب جیسی مشروبات پر,دوسرے ممالک کے مسافروں کو بھاری ٹیکس دینے کا پابند کر کے بعض اوقات معقول مقدار میں رقم بچائی جا سکتی ہے خاص طور پر تمباک و شراب جیسے مشروبات پر
بدقسمتی سے ٹریفک کی روانی کا مطالعہ بہت مشکل ہے کیونکہ ڈرائیور کے رویہ کی پیشن گوئی سو فیصدی یقینی کے ساتھ نہیں کی جاسکتی ہے,بدقسمتی سے ٹریفک کی روانے کا مطالعہ بہت مشکل ہے کیونکہ ڈرائیور کے روئیے کے پیش کوئی سو فیصدی یقینی کے ساتھ نہیں کی جا سکتی
مداگاسکر انتہائی بڑا ہے اور جب بات جنگلی حیات کی آتی ہے تو وہ بذات خود ایک برہ اعظم ہے,میدک آسکر انتہائی بڑا ہے اور جب بات جنگلی حیات کی آتی ہے تو وہ بزاتے خود ایک بڑے آزم ہے
میٹرو میں عام اعلانات صرف کٹالن میں کیے جاتے ہیں لیکن غیر منصوبہ بند مداخلت سے متعلق اعلانات خودساختہ نظام کے ذریعہ انگریزی اسپینش عربی فرانسیسی اور جاپانی سمیت کئی زبانوں میں کئے جاتے ہیں,میٹرو میں عام اعلانات صرف کٹالن میں کیا جاتے ہیں لیکن غیر منصوبہ بند مداخلت سے متعلق اعلانات خود ساختہ نظام کے ذریعے انگریزی اسپینش عربی فرانسی اور جاپانی سمت کئی زبانوں میں کیا جاتے ہیں
تمہارے نارمل نیند کے اوقات میں نیند کا ٹوٹنا اور پھر 10 60 منٹ میں دوبارہ سو جانا ایک با مقصد عمل ہے,تمہارے نورمل نیند کے اوقات میں نیند کا ٹوٹنا پھر دس سے ساٹھ منٹ میں دوبارہ سو جانا ایک پامقصد عمل ہے
ہانگ کانگ کا بہترین نظارہ کرنے کے لئے جزیرہ کو چھوڑو اور اس کے بلمقابل کولون واٹر فرنٹ پر جاؤ,ہانگ کونگ کا بہترین نظارہ کرنے کے لیے جزیرہ کو چھوڑو اور اس کے بالمقابل کولون وارٹر فرنٹ پر جاؤ
وہ بہت سے ممالک کے لئے بینک نوٹ کی کندہ کاری میں بھی مصروف تھا اس کے کام کی حالیہ مثالوں میں سے کینیڈا کے نئے 5 اور 100 کے نوٹوں کے سامنے والے حصے پر وزیر اعظم کی تصویر بنانا شامل ہے,وہ بہت سے ممالک کے لیے بینک نوٹ کی کندہ کارے میں بھی مصروف تھا اس کے کان کے حالیہ مثالوں میں سے کینیڈا کے نئے پانچ ڈالر اور سو ڈالر کے نوٹوں کے سامنے والے حصے پر وزیراعظم کی تصویر بنانا شامل ہے
وہ تقریبا سارے ریتیلے ساحل ہیں جو تیراکی کے لیے محفوظ ہیں اور زیادہ ترمیں سایہ ہوتا ہے جو کہ پوہوتکاوا کے درخت فراہم کرتا ہے,وہ تقریبا سارے رہتیلے سائل ہیں جو تیراکی کے لیے محفوظ ہیں اور زیادہ تر میں سائل ہوتا ہے جو کہ پہود کاوہ کے درخت فران کرتا ہے
جبکہ وہ ایک ہسپتال میں کام کرتا تھا لیجن نے قبل از وقت ولادت پر اپنے فارغ وقت میں تفشیش شروع کر دی,جبکہ وہ ایک ہسپتال میں کام کردہ تھا لیجر نے قبل اس وقت ولادت پر اپنے فارق وقت میں تفشیش شروع کر دی
یہ بیان کرتا ہے کہ رئیسی موضوع کا موثر ترین مقام لائنوں کا وہ تقاطع ہے جو عکس کو عمودی اور افقی طور سے تین حصوں منقسم کرتا ہے,یہ بیان کرتا ہے کہ رئیسی موضوع کا محصر تریل مقام لائنوں کا وہ تقاطہ ہے جو عقس کو عمودی اور افقی طور سے تین حصوں میں منقسم کرتا ہے
اس سے گیم کھیلنے والے اس قابل ہو جائیں گے کہ ڈیوائس کو ہوا میں ہلا کر ویڈیو گیمز کے افعال و حرکات کو کنٹرول کر سکیں,اس سے گیم پھیلنے والے اس قابل ہو جائیں گے کہ ڈیوائز کو ہوا میں ہلا کر ویڈیو گیمز کی افعال و حرکات کو کنٹرول لاسکیں گے
ک چھ علاقوں میں ایک منٹ کے لیے پانی ابالنا کافی ہے ک چھ اور جگہوں پر بہت سے منٹ درکار ہیں,کچھ علاقوں میں ایک منٹ کے لیے پانی اوبالنا کافی ہے کچھ اور جگہوں پر بہت سے منٹ درکار ہیں
کندا لینی یوگا کے ساتھ یوگا کی کیفیت سانس کی مشق منتر اور تصورات کے ذریعے کندا لینی توانائی روشن خیالی کی توانائی بیدار ہوتی ہے,کندہ لینی یوگا کے ساتھ یوگا کی کیفیت سانس کی مشک منتر اور تصورات کے ذریعے کندہ لینی توانائی روشن خیالی کی توانائی بیدار ہوتی ہے
آپ اپنی حکومت کے علاوہ دوسری حکومتوں کا مشورہ بھی لینا چاہ سکتے ہیں لیکن ان کا مشورہ ان کے اپنے شہریوں کے لئے ہوتا ہے,آپ اپنی حکومت کے علاوہ دوسری حکومتوں کا مشورہ بھی لینا چاہ سکتے ہیں لیکن ان کا مشورہ ان کے اپنے شہریوں کے لیے ہوتا ہے
ہاربر پیرل بندرگاہ 1889 میں ایک بدنام زمانہ بحری معرکہ آرائی کا مقام تھا جب جرمنی امریکہ اور برطانیہ کے سات جہازوں نے بندرگاہ چھوڑنے سے انکار کردیا,ہارور پیرور بندرگاہ 1889 میں ایک متنام زمانہ بحری مالکہ آرائی کا مقام تھا جب جرمنی امریکہ اور برطانیہ کے ساتھ چہازوں نے بندرگاہ چھوڑنے سے انکار کر دیا
دوسرے ممالک کے مسافروں کو بھاری ٹیکس دینے کا پابند کر کے بعض اوقات معقول مقدار میں رقم بچائی جا سکتی ہے خاص طور پر تمباکو اور شراب جیسی مشروبات پر,دوسرے ممالک کے مسافروں کو بھاری ٹیکس دینے کا پابند کر کے بعض اوقات معقول مقدار میں رقم بچائی جا سکتی ہے خاص طور پر تمباخو اور شراب جیسی مشروبات پر
یہ کرسٹ نزدیکی جانب تقریبا 70 کلومیٹر دبیز ہے اور دوسری جانب 100 کلومیٹر دبیز ہے,یہ کرس نزدیکی جانب تقریبا ستر کلومیٹر دبیز ہے اور دوسری جانب سو کلومیٹر دبیز ہے
لک ھا سنگھ نے چھپن بھوگ بھجن بھی گایا گلوکار راجیو کھنڈیل وال ان کے ساتھ موجود تھے,لکھا سنگھ نے چپن بھوک بھجن بھی گایا گلوکا راجیف کھنڈیل وار ان کے ساتھ موجود تھے
مراکش کے سلطان نے اس شہر کو دار البادیہ کے نام سے دوبارہ تعمیر کیا اور اسپینی تاجروں نے اسے کازا بلانکا کا نام دیا جنہوں نے یہاں پر اپنے تجارتی مستقر قائم کئے,مراکش کے سلطان نے اس شہر کو دار البدایہ کے نام سے دوبارہ تعمیر کیا اور اسپینی تاجروں نے اسے کازرا بلانکا کے نام دیا جنہوں نے یہاں پر اپنے تجارتی مستقر قائم کیے
1960 کی پوری دہائی میں بریزیزنسکی نے جون ایف کینیڈی کے لیے بطور مشیر اور پھر لنڈن بی جونسن کی انتظامیہ کے لیے کام کیا,انیس سو ساٹھ کی دہائی میں بریزنسکی نے جون ایف کینیڈی کے لیے بطور مشیر اور پھر لندن بی اینڈ جونز کی انتظامے کے لیے قائم کیا
ایم ایس ایک ایسی بیماری ہے جو مرکزی اعصابی نظام پر اثر کرتی ہے جو کہ دماغ ریڑھ کی ہڈی اور عصب بصری سے بنا ہے,ایم ایس ایک ایسی بیماری ہے جو مرکزی آسابی نظام پر اثر کرتی ہے جو کہ دماغ ریڑ کی ہڈی اور اثر بسری سے بنا ہے
ارسطو فلسفی نے یہ نظریہ پیش کیا کہ ہر چیز عناصر اربعہ میں سے ایک یا ایک سے زائد عناصر کے مرکب سے بنی ہوتی ہے وہ مٹی پانی ہوا اور آگ ہیں,اور اس تو فلسفی نے یہ نظریہ پیش کیا کہ ہر چیز اناثر عربہ میں سے ایک یا ایک سے زائد اناثر کے مرکب سے بنی ہوتی ہے وہ مٹی پانی ہوا اور آگ ہے
1537ء میں اسونسیون کی بنیاد کے بعد پیراگئے اپنا دیسی کردار اور شناخت برقرار رکھنے میں کامیاب رہا,پندرہ سو سایتیس میں انیس ویس کی بنیاد پیر آگئے اپنا دیسی کردار اور شنال کو بڑھ کرا رکھنے میں کامیاب رہا
ڈنڈی یونیورسٹی کی پروفیسر پامیلا فرگوسن نے ارشاد فرمایا وہ صحافی جو مشبوہین کے فوٹو وغیرہ چھاپتے ہیں وہ ایک حطرناک لائن پر چل رہے ہیں,دنڈی انویسٹری کے پروفیسر پامیلا فرگوسن نے اشارت فرمایا وہ صحافی جو مشپوہین کی فوٹو وغیرہ چھاپتے ہیں وہ ایک خطرناک لائن پر چل رہے ہیں
اسے کیمیاء کی پی ایچ کہا جاتا ہے آپ سرخ گوبھی جوس کا استعمال کرتے ہوئے ایک انڈیکیٹر بناسکتے ہیں,اسکیمیا کی پی ایچ کہا جاتا ہے آپ سرک گو بی جوس کا استعمال کرتے ہوئے ایک انڈیکیٹر بنا سکتے ہیں
انسان عہد عتیق سے سونے چاندی تانبے جیسے بنیادی کیمیاوی عناصر سے واقف رہا ہے کیوں کہ ان عناصر کو عالم طبیعی میں ان کی اصلی شکل میں دریافت کیا جاسکتا اور نسبۃ بدوی طرز کے اوزار سے ان کی کان کنی کی جا سکتی ہے,انسان اہد اتیک سے سونے چاندی تامبے جیسے بنیادی کیم یائی اناثر سے واقف رہا ہے کیونکہ ان اناثر کے عالم تبیہ میں ان کے اصلی شکل میں دریافت کیا جا سکتا ہے اور نسبتا بدوی طرز کے آزار ان کے کان میں کی جا سکتی ہے
خواتین کے نشستی گروہ میں سے چار اسکیئرز اپنے رنز کو پورا کرنے میں ناکام رہیں اور جائنٹ سلالوم میں مجموعی 117 میں سے 45 اسکیئرز اس مقابلہ میں کوئی بھی درجہ حاصل کرنے سے قاصر رہے,خواتین کے نشستی گروہ میں سے چار اسکیئرز اپنے رنز کو پورا کرنے میں ناکام رہے اور جائنٹ سلالوم میں مجموعی ایک سو سترہ میں سے چالیس اسکیئرز اس مقابلے میں کوئی بھی درجہ حاصل کرنے سے قاسر رہے
یہ شہر افریقہ میں کچھ بھڑکیلے پہاڑی گوریلا کا سراغ لگانے کے ساتھ نائراگونگو آتش فشاں پر چڑھنے کی چوکی بھی ہے,یہ شہر افریقہ سے کچھ بھڑکیلے پہاڑی گوریلا کا سراغ لگانے کے ساتھ نائرہ گونگو آتش فشا پر چلنے کی چوکی بھی ہے
مارٹیلی نے پچھلے دن ایک نئی نو رکنی پرووژنل الیکٹورل کونسل سی ای پی کو حلف دلایا,مارٹیلی نے پچھلے دن ایک نئی نورکنی پرزنل الیکٹرول کانسل سی ای پی کو حلف دیا
اس نے ہمیں ٹرین کار اور نقل و حمل کے بہت سے دیگر وسائل مہیا کئے,اس نے ہمیں ٹرین کار اور نقل و حمل کے بہت سے دیگر وسائل مہیا کیا
تمام جنوبی افریقی نیشنل پارکوں کی طرح اس پارک کے لئے بھی یومیہ تحفظ اور انٹری کی فیس ہے,تمام جنوبی افریقی نیشنل پارکوں کی طرح اس پارک کے لئے بھی یومیا تحفظ اور انٹری کی فیس ہے
اگرچہ گوما معقول حد تک محفوظ ہے تاہم گوما سے باہر کسی بھی قسم کے دوروں پر شمالی کیوو صوبے میں جاری لڑائی کی حالت کو سمجھنے کے لیے تحقیقات ہونی چاہئیں,اگرچہ گوما معقول حد تک محفوظ ہے تاہم گوما سے باہر کسی بھی قسم کے دوروں پر شمالی کے ہوئے صوبے میں جاری لڑائی کی حالت کو سمجھنے کے لیے تحقیقات ہونی چاہیے
امریکہ میں کئی ایک فیڈرل سروس اکیڈمیاں بھی ہیں جہاں یو ایس ملٹری کے ان کمیشنڈ افسروں کو تربیت دی جاتی ہے جو وہاں سے بیچلر کی ڈگری لے کر فارغ ہوتے ہیں,امریکہ میں کئی ایک فیڈرل سروریسس اکیڈمیا بھی ہیں جہاں یو ایس ملٹری کے ان کمیشنڈ افسروں کو تربیت دی جاتی ہے جو وہاں سے بیچلوڈ کی ڈگری لے کر فارغ ہوتے ہیں
ایک تہذیب وہ واحد ثقافت ہے جو افراد کے ایک مخصوص گروہ مشترکہ طور پر اپناتے ہیں جو تعاون کرنے والے انداز میں رہتے اور کام کرتے ہیں ایک معاشرہ,ایک تہذیب وہ واحد ثقافت ہے جو افراد کے لئے مخصوص گروہ مشترکہ طور پر اپناتے ہیں جو تعاون کرنے والے انداز میں رہتے ہیں اور کام کرتے ہیں ایک معاشرہ
امریکی جمناسٹکس امریکی اسٹیٹ اولمپک کمیٹی کے مکتوب کی تائید کرتی ہے اور ہمارے سبھی ایتھلیٹوں کیلئے محفوظ ماحول کو فروغ دینے کیلئے اولمپک فیملی کی مطلق ضروریات کو تسلیم کرتی ہے,امریکی جمناسٹک امریکی سٹیٹ اولمپک کمیٹی کے مکتوب کی تائید کرتی ہے اور ہمارے سبی ایتھلیٹون کے لیے محفوظ ماحول کو فروغ دینے کے لیے اولمپک فیملی کے متعلق ضروریات کو تقریب کرتی ہے
جب ایک ادارے کے کار آمد تمام شعبہ جات کے درمیان تمام دستیاب ذرائع مؤثر طریقے سے استعمال ہوتے ہیں تو تخلیقی صلاحییت اور ہنرمندی پیدا ہوتیں ہیں,جب ایک ادھارے کے کارامت تمام شعبہ جات کے درمیان تمام دستیاب ذرائع معصر طریقے سے استعمال ہوتے ہیں تو تخلیقی صلاحیت اور ہنرمندی پیدا ہوتی ہیں
مبینہ طور پر ان کی عمر تقریبا 20 سال تھی حالانکہ ایک بیان میں بیبر نے کہا میں وہاں موجود نہیں تھا اور نہ ہی براہ راست میں اس المناک حادثہ میں شامل تھا میری سوچ اور دعائیں متاثرہ کے اہل خانہ کے ساتھ ہیں,مبینہ طور پر ان کی عمر تقریبا بیس سال تھی حالانکہ ایک بیان میں بیمبر نے کہا میں وہاں موجود نہیں تھا اور نہ ہی براہ راست میں اس علمناک حادثے میں شامل تھا میری سوچ اور دعایں متاثرہ کے اہل کھانا کے ساتھ ہیں
پیشتر چھوٹے جزائر آزاد ملک ہیں یا فرانس سے وابستہ ہیں اور ان کو لگژری بیچ رزارٹس کے عنوان سے جانا جاتا ہے,بیشتر چھوٹے جزائر ازاد ملک ہیں یا فرانس سے وابستہ ہیں اور ان کو لکشوری بیش رائٹس کے انوان سے جاتا ہے
اس قطار میں مردوں کو ٹخنے ڈھکنے والا پائجامہ زیب تن کرنا ضروری ہوتا ہے,اس قطار میں مردوں کو ٹکھنے ڈھکنے والا پانجائمہ زیبتن کرنا ضروری ہوتا ہے
وہ تقریبا سارے ریتیلے ساحل ہیں جو تیراکی کے لیے محفوظ ہیں اور زیادہ ترمیں سایہ ہوتا ہے جو کہ پوہوتکاوا کے درخت فراہم کرتا ہے,وہ تقریبا سارے ریتیل ساحل ہیں جو تیراکی کے لیے محفوظ ہیں اور زیادہ تر میں سایا ہوتا ہے جو کہ پہتکاوہ کے درخت فراہم کرتے ہیں
ویٹکن سٹی کی آبادی تقریبا 800 ہے یہ دینا کا سب سے چھوٹا آزاد ملک ہے جس کی آبادی کمترین ہے,ویکٹن سٹی کے آبادی تقریبا آٹھ سو ہے یہ دنیا کا سب سے چھوٹا آزاد ملک ہے جس کے آبادی کم ترین ہے
یہاں اب بھی بہت سے مردو خواتین زندہ ہیں جنہوں نے یہاں زندہ رہنے کی جدوجہد کی اور بہت سے لوگ ہیں جن کے اپنوں کا قتل کر دیا گیا یا مرنے تک کام کرایا گیا جیسے یہودی اور غیر یہودی,یہاں اب بھی بہت سے مرد و خواتین زندہ ہیں جنہوں نے یہاں زندہ رہنے کی جدوجہد کی اور بہت سے لوگ ہیں جن کے اپنوں کا قتل کر دیا گیا یا مرنے تک کام کرایا گیا جیسے یہودی اور گیر یہودی
لوگ آج کل پیغامات کمپیوٹر اسکرین پر لکھتے ہیں انھیں کبھی شارپنر کے قریب بھی جانے کی ضرورت نہیں پڑتی,لوگ آج کل پیغامات کمپیوٹر سکرن پر لکھتے ہیں انہیں کبھی کبھار شاپنر کے قریب بھی جانے کی ضرورت نہیں پڑتی
لٹوائس لیکس نیشنل پارک گھنے جنگلات سے گھرا ہے ج س میں ب نیادی طور پر سفیدے صنوبر اور چیڑ کے درخت ہیں اور اس کی خاص بات کوہی اور خ شکی سے گ ھری نباتات کا امتزاج ہے,لیٹ وائز لیک نیشنل پارک گھنے جنگلات سے گرا ہے جس میں بنیادی طور پر صفائد سنوبر اور چیڑ کے درخت ہیں اور اس کی خاص بات کوہی اور خوشکی سے گری نبتات کا امتزاج ہے
یاد رکھیں کہ اصل اسٹیج پر موسیقی کا پروگرام بھلے ہی ختم ہوگیا ہو لیکن وہاں فیسٹول کے بہت سے حصوں میں موسیقی دیر رات تک بجتی رہے گی,یاد رکھیں کہ اصل اسٹیج پر موسیقی کا پروگرام بھلے ہی قتم ہو گیا ہو لیکن وہاں فیسٹیول کے بہت سے حصوں میں موسیقی دیر تک رات بچتی رہتی ہے
اشیاء کی نقل و حمل کیلئے بحری جہازوں کا استعمال سمندروں میں لوگوں کی بڑی تعداد اور اشیاء منتقل کرنے کا اب تک کا سب سے کارآمد طریقہ ہے,ایشیا کی نقل و حمل کے لیے بحری جہازوں کا استعمال سمندروں میں لوگوں کی بڑی تعداد اور ایشیا منتقل کرنے کا اب تک سب سے کارامت طریقہ ہے
جین کارلو فیسی شیلا کو اپنی گاڑی پر قابو نہ رہا اور آغاز کے فورا بعد ہی ریس کا اختتام کر دیا,جین کارلو فیسی شیلہ کو اپنی گاڑی پر کاغنا رہا اور اگاس کے فرن بعد ہی ریس کا اکتتام کر دیا
چاند کی سطح چٹانوں اور گرد سے بنی ہے چاند کی بیرونی سطح پرت کہلاتی ہے,چاند کی سطح چٹانوں اور گرد سے بنی ہے چاند کی بیرونی سطح پرت کہلاتی ہے
پیری نے کہا کہ آج رات کی سیاسی ملاقات کے نتائج کا جائزہ لینے کے لئے میں ٹیکساس واپس آونگا کہ آیا میرے لئے اس مقابلے میں آگے کی راہ ہے مگر بعد میں انھوں نے کہا کہ وہ مقابلے میں رہیں گے اور جنوری 21 کے جنوبی کیرولینا پرائمری میں لڑیں گے,پیری نے کہا کہ آج رات کی سیاسی ملاقات کے نتائج کو جائزہ لینے کے لیے میں ٹیکساس واپس آؤں گا کہ آیا میرے لیے اس مقابلے میں آگے کی راہ ہے مگر بعد میں انہوں نے کہا کہ وہ مقابلے میں رہیں گے اور جنوری 21 کو کیرولونا پرائیمری میں لڑیں گے
15اگست 1940 کو اتحادی افواج نے جنوبی فرانس پر حملہ کر دیا اس حملے کو آپریشن ڈریگن کا نام دیا گیا,اگست 1940 کو اتحادی افواج نے پندرہ جنوبی فرانس پر حملہ کر دیا اس حملے کو آپریشن ڈرائگن کا نام دیا گیا
بڑے پیمانے پر کار کی ملکیت سڑکوں پر حادثات کی اونچی شرح کی جانب بھی لے جاتی ہے جس سے صحت کے شعبے میں نئی تکنیکوں کی ایجاد ہوتی ہے تاکہ تباہ اجسام کی مرمت کی جاسکے,بڑے پیمانے پر کار کی ملکیہ سڑکوں پر حادثات کی اونچی شرعہ کی جانب بھی لی جاتی ہے جس سے صحت کی شعبے میں نئی تقنیقوں کی اعجاد ہوتی ہے تاکہ تپہ اجسام کی مرمت کی جا سکے
امریکی جمناسٹکس اور یو ایس او سی کا ایک ہی ہدف ہے جمناسٹکس اور دیگر کھیلوں کو ایتھلیٹوں کیلئے ممکنہ حد تک محفوظ بنانا تاکہ وہ اپنے خوابوں کو محفوظ مثبت اور با اختیار ماحول میں شرمندہ تعبیر کرسکیں,امریکی جمناسٹک اور یو ایس او سی کا ایک ہی حدف ہے جمناسٹک اور دیگر خیلوں کو ایتھلوٹوں کے لیے ممکنہ حد تک محفوظ بنانا تاکہ وہ اپنے خوابوں کو محفوظ مضبط اور باقتیار محول میں شرمندہ تابیر کرسکیں
یہ مرض پہلے سور میں پیدا ہوتا ہے پھر مچھر اس کو انسانوں کو منتقل کرتے ہیں,یہ مرز پہلے سور میں پیدا ہوتا ہے پھر مچھر اس کو انسانوں کو منتقل کرتے ہیں
عام بات کریں تو اپنے سابق ساتھیوں کی قیادت کرتے وقت منیجروں میں دو رویے ابھر سکتے ہیں تصویر کا ایک رخ یہ ہے کہ وہ لڑکوں یا لڑکیوں میں سے ایک بنے رہنے کی کوشش کر رہا ہے,عام بات کریں تو اپنے سابق ساتھیوں کی عادت کرتے ورکٹ مینیجروں میں دو روئیے ا بر سکتے ہیں تصویر کا ایک رکھ یہ ہے کہ وہ لڑکوں یا لڑکیوں میں سے ایک بنے رہنے کی کوچش کر رہا ہے
جنگلی بچوں کو چھوڑ دیے جانے یا بھاگنے سے پھلے شدید بدسلوکی یا صدمہ کا سامنا کرنا پڑا ہوگا,جنگلی بچوں کو چھوڑ دی جانے یا بھاگنے سے پہلے شدید بسلوکی یا صدمہ کا سامنا کرنا پڑنا ہوگا
آج واحد کیڑے جو اپنے پنکھوں کو پیچھے کی طرف نہیں موڑ سکتے وہ بھنبھیرے یا مئی مکھیاں ہیں,آج واحد کیڑے جو اپنے پنکھوں کو پیچھے کی طرف نہیں مور سکتے وہ بھمبرے یا مئی مکھیاں ہیں
یہ تحقیق پرندوں میں پروں کے ارتقاء کا ادراک بھی فراہم کرتی ہے,یہ تحقیق پرندوں میں پاروک اردکا کے ادراک بھی فراہم کرتی ہے
پودوں کے سب سے آسانی سے ملنے والے وسائل کے پتیوں اور دانوں میں پروٹین ہوتے ہیں لیکن یہ ہم جیسی مخلوق کے لیے ہضم کرنا مشکل ہے جب تک کہ وہ پک نہ جائیں,پودوں کے سب سے آسانی سے ملنے والے وسائل کی پتیوں اور دانوں میں پروٹین ہوتے ہیں لیکن یہ ہم جیسی مخلوق کے لئے حضم کرنا مشکل ہے جب تک کہ وہ پکنا چاہیں
خواتین یہ سفارش کی جاتی ہے کہ سفرکرنے والی تمام خواتین خود کو شادی شدہ بتائیں قطع نظر اپنی واقعی ازدواجی حالت کے,خواتین یہ صفحہ عرش کی جاتی ہے کہ سفر کرنے والی تمام خواتین خود کو شادی شدہ بتائیں کہتے ہیں نظر اپنی باقی استواجی حالت کی ہے
آخرکار ہہت سی چھوٹے قد کی بلیاں بشمول گھریلو بلیوں کے جو بڑی تعداد میں پائے جانے والے کیڑوں مکوڑوں اور چوہوں کو کھا جاتی ہیں,آخر کار بہت سے چھوٹے قد کی بلیاں بشمول گھرے لیو بلیوں کے جو بڑی تعداد میں پائے جانے والے کیڑوں مکوڑوں اور چوہوں کو کھا جاتی ہیں
جنگ ختم ہونے کے دو سال بعد سابق اتحادی آپس میں دشمن ہو گئے اور سرد جنگ شروع ہو گئی,جنگ قتم ہونے کے دو سال بعد سعابی کے تحادی آپس میں دشمن ہو گئے اور سر جنگ شروع ہو گئی
یہ غار جو مکہ کے شمال کے پہاڑ کی چوٹی پر واقع ہے باقی دنیا سے کاملا الگ تھلگ ہے,یہ گار جو مکہ کے شمال کے پہاڑ کی چوٹی پر واقع ہے باقی دنیا سے کاملا الگ تھلگ ہے
کیونکہ ڈائنا سور کی پنکھ میں اچھی طرح سے تیار شدہ شافٹ نہیں ہوتا جس کو ڈنڈی کہا جاتا ہے تاہم وہ پنکھ کی دوسری خصوصیات رکھتی ہیں ذیلی ڈنڈی اور نوک محققین نے یہ نتیجہ اخذ کیا کہ ڈنڈی میں بعد میں دیگر خصوصیات کے ارتقائی نشو نما کا امکان تھا,کیونکہ ڈائناسورڈ کی پنکھ میں اچھی طرح سے تیار شدہ شرفٹ نہیں ہوتا جس کو ڈنڈی کہا جاتا ہے تاہم وہ پنکھ کی دوسری خصوصیات رکھتی ہیں زیلی ڈنڈی اور نوک محققین نے یہ نتیجہ اخص کیا کہ ڈنڈی میں بعد میں دیدہ خصوصیات کے تقائی نشنما کا امکان تھا
جب یہ اکثر ایک غلط متعصب نظریہ ہے پیرس میں جانے کا سب سے بہترین طریقہ اچھا رویہ پیش کرنا اور ایسے شخص کی طرح عمل کرنا ہے جس کی پرورش اچھی ہوئی ہو یہ چیز سفر کو قابل لحاظ حد تک آسان بنا دے گی,جب یہ اکثر ایک غلط متعصب نظریہ ہے پریس میں جانے کا سب سے بہترین طریقہ اچھا رویہ پیش کرنا اور ایسے شخص کی طرح عمل کرنا جس کی پرورش اچھی ہوئی ہو یہ چیز سفر کو قابل لحاظت حد تک آسان بنا دے گی
ساتھی پہلوانوں نے بھی لونا کو خراج عقیدت پیش کیا,ساتھی پہلوانوں نے بھی لونا کو خراجے کی تک پیش کیا
یاد رکھیں کہ اصل اسٹیج پر موسیقی کا پروگرام بھلے ہی ختم ہوگیا ہو لیکن وہاں فیسٹول کے بہت سے حصوں میں موسیقی دیر رات تک بجتی رہے گی,یاد رکھیں کہ اصل اسٹیج پر موسیقی کا پروگرام بھلے ہی ختم ہو گیا ہو لیکن وہاں فیسٹیول کے بہت سے حصوں میں موسیقی دیر تک رات تک بشتی رہے گی
مالدوا کا دارالحکومت کشیناو ہے مقامی زبان رومانیائی ہے لیکن روسی زبان بڑے پیمانے پر استعمال ہوتی ہے,مالدوہ کا دار و رکومت کے شنع ہوئے مقام میں زبان رومانی آئی لیکن روسی زبان بڑے پیمانے پر استعمال ہوتی ہے
پھر بھی حکام سے صلاح و مشورہ لیں تمام علامات کی تعمیل کریں اور حفاظتی انتباہات پر مکمل توجہ دیں,پھر بھی حکام سے صلاح و مشورہ لیں تمام علامات کی تعمیل کریں اور حفاظتی انتباہات پر مکمل توجہ دیں
تمام جنوبی افریقی نیشنل پارکوں کی طرح اس پارک کے لئے بھی یومیہ تحفظ اور انٹری کی فیس ہے,تمام جنوبی افریقی نیشنل پارکوں کی طرح اس پارک کے لیے بھی یومیت حافظ اور انٹری کی فیصد ہے
ہائتی انسٹی ٹیوٹ برائے انصاف و جمہوریت نے ایک آزاد مطالعہ کا حوالہ دیا ہے جسمیں اس بات کا اشارہ دیا گیا ہے کہ اقوام متحدہ کی سلامتی سے متعلق نیپالی بٹالین نامعلوم طور پر ہائتی بیماری لے کر آئی,ہائیتی انسٹریٹیوٹ برائے انصاف و جمہوریت نے ایک ازاد متعلقہ حوالہ دیا ہے جس میں اس بات کا اشارہ دیا گیا ہے کہ اقوام متحدہ کی سلامتی سے متعلق نپالی بٹالین نامعلوم طور پر ہائیتی بیماری لے کر آئی
یوروپ نسبتا چھوٹا بر اعظم ہے لیکن بڑی تعداد میں وہاں آزاد ممالک ہیں عام صورتحال میں متعدد ممالک میں سفر کرنے کا مطلب ہے کہ آپ کو ویزا اور پاسپورٹ کنٹرول کی درخواست متعدد بار دینی پڑے گی,یورپ نسبتا چھوٹا بریازم ہے لیکن بڑی تعداد میں وہاں آزاد ممالک ہیں عام صورتحال میں متعدد ممالک میں سفر کرنے کا مطلب ہے کہ آپ کو ویزا اور پاسپورٹ کنٹرول کی درخواست میں متعدد بار دینی پڑے
سکوٹرب بس 403 باقاعدگی سے کیبو ڈا روکا میں رکتے ہوئے سنٹارا جاتی ہے,سکوٹر بس 430 بقاعدی سے کیو بویڈا روکا میں رکھتے ہوئے سناٹا کی جاتی ہے
یوروپ نسبتا چھوٹا بر اعظم ہے لیکن بڑی تعداد میں وہاں آزاد ممالک ہیں عام صورتحال میں متعدد ممالک میں سفر کرنے کا مطلب ہے کہ آپ کو ویزا اور پاسپورٹ کنٹرول کی درخواست متعدد بار دینی پڑے گی,یورپ نسبتا چھوٹا بریازم ہے لیکن بڑی تعداد میں وہاں آزاد ممالک ہیں عام صورتحال میں متعدد ممالک میں سفر کرنے کا مطلب ہے کہ آپ کو ویزا اور پاسپورٹ کنٹرول کے درخواست متعدد بار دینی پڑے گی
سائنس کے تمام امور بشمول نفسیات پر ارسٹوٹل کے نظریے تسلیم کیے گئے تھے,سائنس کے تمام اہور و شمول نفسیات پر اسٹورٹ کے نظریے تسلیم کے گئے
دور دراز علاقوں میں بیشتر جدید تحقیقی دوربین کی ماحول دوست حالات کے ساتھ زبردست سہولیات موجود ہیں,دور دراز علاقوں میں بیشتر جدید تحقیقی دربین کے ماحول دوست حالات کے ساتھ زبردست سہولیات موجود ہیں
53سالہ کومو نے اپنی گورنری اس سال شروع کیا تھا اور ہم جنس پرستوں کی شادی کو قانونی حیثیت دینے والے بل پر گزشتہ مہینہ دستخط کیا تھا,سالہ قوموں نے اپنی گورنری میں 53 سال شروع کیا تھا اور ہم جنس پرستو کی شادی کو قانونی حصے دینے والے بل پر گزشتہ مہینے دستاقت کیا تھا
ممکن ہے کہ افراد اس امر کی توقع نہ رکھتے ہوں کہ گھر واپس جانے والے مسافروں کے لیے صبر اور سمجھ بوجھ بھی ضروری ہے,ممکن ہے کہ افراد اس عمر کی توقع نہ رکھتے ہوں کہ گھر واپس جانے والے مسافروں کے لیے صبر اور سمجھ بوجھ بھی ضروری ہے
پھر بھی حکام سے صلاح و مشورہ لیں تمام علامات کی تعمیل کریں اور حفاظتی انتباہات پر مکمل توجہ دیں,پھر بھی حکام سے صلاح و مشورہ لیں تمام علامات کی تعمیل کریں اور حفاظتی انتباہات پر مکمل توجہ دیں
بلیوں کی نسل میں سے شیر سب سے زیادہ سماجی رویے والی نسل ہے جو بڑے گروہوں کی شکل میں رہتے ہیں جو پرائڈز کہلاتے ہیں,بلیوں کی نسل میں سے شیر سب سے زیادہ سماجی رویہ والی نسل ہے جو بڑے گروہوں کی شکل میں رہتے ہیں جو پرائیڈز کہلاتے ہیں
جب کسی کو واضح طور پر معلوم نہیں تھا کہ اس کو کس نے تحریر کیا ہے یہ معلوم تھا کہ اسکی زندگی کے اوائل میں بڑے چرمی دستاویز جو 29¾ انچ گ نا 24½ انچز ہوتا تھا اوپر اسٹوریج کیلئے رول کیا جاتا تھا,جب کسی کو واضح طور پر معلوم نہیں تھا کہ اس کو کس نے تحریل کیا یہ معلوم تھا کہ اس کی زندگی کے آوائل میں بڑے چرمی دستاویزات جو 29 انچ گناہ 24 انچ ہوتا ہے اوپر سٹورج کے لیے رول کیا جاتا ہے
فوٹوگرفرس بعد میں اس بوڑھی عورت کی جگہ بیٹھ گئے جو رفع حاجت کے لئے گئی مینڈوزا کو گولی مار دی گئی,فوٹوگرافرز بعد میں اس پوڑی عورت کے جگہ بیٹھ گئے جو رفا حاجت کے لیے گئی منڈوزوہ کو گولی مار دی گئی
چیتا کی دہاڑ شیر کی بھر پور آواز والی دہاڑ جیسی نہیں بلکہ بد مزاجی کے ساتھ چیخے گئے الفاظ سے زیادہ مشابہ ہوتی ہیں,چیتا کی دھار شیر کی بھرپور آواز والی دھار جیسی نہیں بلکہ بدمزاجی کے ساتھ چیکھے گئے الفاظ سے زیادہ مشابہ ہوتی ہیں
دو بڑے بچے کے والد شادی شدہ ڈوال کے نے ملر کو بہت زیادہ متاثر نہیں کیا جن کے تعلق سے یہ کہانی تھی,دو بڑے بچے کے والد شادی شدہ ڈیوالکے نے میلر کو بہت زیادہ متاثر نہیں کیا جن کے تعلق سے یہ کہانی تھی
پودے فوٹوسینتھیسزکے ذریعہ اپنا کھانا دھوپ میں بناتے ہیں وہ سایہ بھی مہیا کرتے ہیں,پودے فوٹو سنٹھیسز کے ذریعے اپنا کھانا دھوپ میں بناتے ہیں وہ سایا بھی مہیا کرتے ہیں
انقلاب کے بعد حرفتیں تمام مرد درخواست دہندگان کے لئے کھول دی گئی تھیں جس سے انتہائی پرامید اور کامیاب افراد کو کامیابی حاصل کرنے کا موقع ملا,انقلاب کے بعد حرفت تمام مرد ترخواست ترہندگان کے لئے خول دی گئی تھی جس سے انتہائی پر امید اور کامیاب افراد کو کامیابی حاصل کرنے کا موقع ملا
شیروں کا گروہ تقریبا تیس مونث اور بچوں کے ساتھ ایک سے تین متعلقہ بالغ نر پر مشتمل ہوتا ہے,شیروں کا گروہ تقریبا تیس مونیس اور بچوں کے ساتھ ایک سے تین متعلقہ بالک نر پر مشتمل ہوتا ہے
خاص طور پر یہ دعوی کیا جاتا ہے کہ ایک شخص معلوم کرسکتا ہےکہ آیا وہ مائکرو ایسپریشن درست طریقے سے پیش کرتے ہوئے جھوٹ تو نہیں بول رہا ہے,خاص طور پر یہ دعوی کیا جاتا ہے کہ ایک شخص معلوم کر سکتا ہے کہ آیا وہ مائکروسپریشن درست طریقے سے پیش کرتے ہوئے جھوٹ تو نہیں بول رہا ہے
کراس ٹائز کا استعمال شروع کے دور میں کیا گیا تھا تاکہ پٹریاں اپنی جگہ پر ثابت رہیں لیکن تدریجا محقق کیا گیا کہ اگر ان کے اوپر آئرن کی اسٹیپ لگا دی جائے تو پٹریاں زیادہ کار آمد ہوں گی,کراوس ٹائس کا استعمال شروع کے دور میں کیا گیا تھا تاکہ پٹویں اپنی جگہ پر ثابت رہیں لیکن تدریجن میں حقیق کیا کیا گیا کہ اگر ان کے اوپر آئرون کے سٹیپ لگاتی جائے تو پٹویں زیادہ کارامد ہوں گی
تاہم شینجن کا علاقہ اس سلسلے میں کسی حد تک ایک ملک کی طرح کام کرتا ہے,تاہم شنجن کا علاقہ اس سلسلے میں کسی حد تک ایک ملک کی طرح کام کرتا ہے
2002 میں گوما کو نائراگونگو آتش فشاں کے لاوا نے تباہ کر دیا تھا جس شہر کی بیشتر سڑکوں بالخصوص شہر کے وسط بھر گئے تھے,دوہزار دو میں گوما کو نائرہ گونگو آتش فشا کے لامہ نے تباہ کر دیا تھا جس شہر کی بیشتر سڑکو بلخصوص شہر کے وسط بھر گئے تھے
تیز ہوائیں اولے زیادہ بارش اور جنگل کی آگ شدید موسم کی صورتیں اور اثرات ہیں جیسے طوفان سمندری طوفان آبی خطوں اور چکرواتوں ہیں,دیز ہوایں اولیں زیادہ بارش اور جنگل کی آگ شدید موسم کی صورتیں اور اثرات ہیں جیسے توفان سمندری توفان آبی خطو اور چکرواتو ہیں
ان کے منظم دفاع بال ہینڈلنگ کی مہارت اور عمدہ ٹیم ورک نے انھیں پامردی سے کھڑے ہونے کا حوصلہ دیا اور یہ بات واضح ہوگئی کہ یہی ٹیم شکست دینے والی ہے,ان کے منظم دفاع بال ہینڈلنگ کی مہارت اور امدہ ٹیم ورک نے انہیں پامردی سے کھڑے ہونے کا خوصلہ دیا اور یہ بات واضح ہو گئی کہ یہی ٹیم شکست دینے والی ہے
مردوں کو منع کرنے کے بارے میں سخت رہو اور اپنے مؤقف پر ڈٹے رہنے سے مت ڈرو ثقافتی تفریق ہو یا نہ ہو یہ ا سے صحیح نہیں بناتا,مردوں کو منع کرنے کے بارے میں سخت رہو اور اپنے موقف پر ڈٹے رہنے سے مٹر ہو سکاتی تفریق ہو یا نہ ہو یہ اسے صحیح نہیں بتاتا
پودے قدرتی ماحول میں اپنے عروج پر ہوتے ہیں لہ ذا ان کا بس ایک نمونہ ہٹانے کی خواہش سے خود کو روکیں,پودے قدرتی محول میں اپنے عروج پر ہوتے ہیں لہ ذا ان کا بس ایک نمونہ ہٹانے کی خواہش سے خود کو روکیں
انجام دیے گئے زیادہ تر کام نظریاتی تھے لیکن یہ پروگرام برج قوس کی کہکشاں سے بنے مشاہدات کے معیاری نمونہ کیلئے تحریر کیا گیا تھا,انجام دیئے گئے زیادہ تر کام نظریاتی تھے لیکن وہ پروگرام برجے کاؤس کے کہکشا سے بنے مشاہدات کے میارے نمونے کے لیے تحریر کیا گیا تھا
شیر کے گروہ زیادہ تر بھیڑیوں یا کتوں کے گروہوں کی طرح کام کرتے ہیں حیرت کی بات ہے کہ جانوروں کے رویے شیروں سے ملتے جلتے ہیں لیکن دوسری بڑی بلیوں سے نہیں اور یہ بھی کہ اپنے شکار کے لئے بہت مہلک ہوتے ہیں,شیر کے گروہ زیادہ تار بھیڑیوں یا کتوں کے گروہوں کی طرح کام کرتے ہیں حیرت کی بات ہے کہ جانوروں کے روئیے شیروں سے ملتے جلتے ہیں لیکن دوسری بڑی بلیوں سے نہیں اور یہ بھی کہ اپنے شکار کے لیے بہت محللک ہوتے ہیں
سندربن دنیا کا سب سے بڑا ساحلی مینگروو بیلٹ ہے جو ساحلی علاقے سے بنگلادیشی اور ہندوستان کے دور افتادہ پسماندہ علاقے میں 80 کیلو میٹر 50 میل تک پھیلا ہوا ہے,سندربل دنیا کا سب سے بڑا ساحلی منگرو پیلٹ ہے جو ساحلی علاقے سے بنگلہ دیشی اور ہندوستان کے دورے افتداء پسماندہ علاقے میں اسی کلومیٹر یعنی کے پچاس میل تک پھیلا ہوا ہے
15اگست 1940 کو اتحادی افواج نے جنوبی فرانس پر حملہ کر دیا اس حملے کو آپریشن ڈریگن کا نام دیا گیا,پندر آگوست انیس سو چالیس کو اتحادی افواجی نے جنوبی فرانس پر حملہ کر دیا اس حملے کو آپریشن ڈرائگن کا نام دیا گیا
دوسری طرف سرد اور برفیلے موسم عام طور پر بہت سے ممالک میں ہوتے ہیں اور اکثرسارا سال آنے جانے میں کوئی رکاوٹ پیش نہیں آتی ہے,دوسری طرف سرد اور برفیلے موسم عام طور پر بہت سے ممالک میں ہوتے ہیں اور اکثر سارا سال آنے جانے میں کوئی رکابت پیش نہیں آتی
انقلابی جنگ کے دوران تیرہ ریاستوں نے متحدہ ریاستوں کے آرٹیکل کے تحت کانگریس کے ساتھ جو ان کا واحد جزء تھا پہلے ایک کمزور مرکزی حکومت بنائی,انقلابی جنگ کے دوران تیرہ ریاستوں نے متحدد ریاستوں کے آرٹیکل کے تحت کانگریس کے ساتھ جو ان کا واحد جزا تھا پہلے ایک کمزور مرکزی حکومت بنائی
درمیانی درجہ کے بیٹس مین سچن ٹنڈولکر اور راہول ڈریوڈ نے اچھی کارکردگی دکھائی اور انہوں نے مل کر سو رن بنائے,درمیانی درجہ کے بیٹسمن سچن ٹنڈولکل اور راہول ڈریویڈ نے اچھی کار کردگی دکھائی اور انہوں نے ملکل سو رن بنائے
اس کمپلیکس کے کناروں پر اکثرت عمارات کی دوبارہ تعمیر ہوئی ہے تاکہ ٹورسٹس کو صحیح پتہ چل سکے کہ وہ اصلا کیسی تھیں,اس کمپلیکس کے کناروں پر اکثرت امارات کی دوبارہ تعمیر ہوئی تاکہ ٹرورٹس کو صحیح پتہ چل سکے کہ وہ اصلن کیسی تھی
ڈینیئل لینٹیگنے اس بیماری پر اقوام متحدہ کے ایک ماہر نے بیان دیا کہ یہ پھیلاؤ ممکنہ طور پر امن قائم کرنے والے افراد کے باعث ہ وا ہے,دینیل لینڈ ٹینگ نے اس بیماری پر اقوام متحدہ کے ایک ماہر نے بیان دیا ہے کہ یہ پھیلاؤں ممکنہ طور پر آمن قائم کرنے والے افراد کے باعث ہوا ہے
بہت سے لوگ ان کو ڈائنو سور تسلیم نہیں کرتے کیوں کہ وہ بال و پر رکھتے اور اڑنے کے قابل تھے,بہت سے لوگ ان کو ڈائنسور تسلیم نہیں کرتے کیونکہ وہ بال وپر رکھتے ہیں اور اڑنے کے قابل تھے
اس لئے کہا جاتا ہے کہ اس شکل کا آسپیکٹ ریشیو سب سے سادہ مجموعی نمبر ریشیو حاصل کرنے کے لئے بارہ سے تقسیم دے کر 3 2 ہوتا ہے,اس لئے کہا جاتا ہے کہ اس شکل کا اوسپیکٹ ریشو سب سے سادہ مجبوری نمبر ریشو حاصل کرنے کے لئے بارہ سے تقسیم دے کر تین ریشو دو ہوتا ہے
سینٹ پیٹرز برگ کروز میں قصبے میں گزارا جانے والا تفریحی وقت شامل ہے کروز کے مسافروں کو ویزا کے تقاضوں سے استثنی حاصل ہے شرائط کی پڑتال کریں,سینٹ پیٹر سپرک کروز میں قسم میں گزارا جانے والا تفریحی وقت شامل ہے کروز کے مسافروں کو ویزا کے تقاضوں سے استثناء حاصل ہے شرائط کی پردال کریں
چاند کی سطح چٹانوں اور گرد سے بنی ہے چاند کی بیرونی سطح پرت کہلاتی ہے,چاند کی سطح چٹانوں اور گرد سے بنی ہے چاند کی بیرونی سطح پرد کہلاتی ہے
یہ رپورٹ عراق کی سمت ایگزیکٹیو کی پالیسی کے ہر پہلو پر نکتہ چیں ہے اور وہ فوری طور سے جہت کی تبدیلی پر زور دیتی ہے,یہ ریپورٹ ایراک کے سمت ایگزیکٹیف کی پالیسی کے ہر پہلو پر نکتہ چھی ہے اور وہ فوری طور سے جہد کی تبدیل پر زور دیتی ہے
اگر آپ نے فلم نیشنل ٹریژر دیکھی ہے تو آپ کو گمان ہو گا کہ اعلان آزادی کے پشت پر ایک خزانے کا نقشہ لکھا گیا تھا,اگر آپ نے فلم نیشنل ٹریڈرز دیکھی ہے تو آپ کو گمان ہوگا کہ اعلان ازادی کے پشت پر ایک خزانے کا نقشہ بھی لکھا گیا تھا
اکتوبر میں شروع ہونے والے حکومت مخالف مظاہروں پر مارٹیلی کا ردعمل کمیشن تھا,اکتوبر میں شروع ہونے والے حکومت مخالف مظاہروں پر مارٹولی کا رتعمل کمیشن تھا
ٹریفک کا بہاؤ انفرادی ڈرائیورز اور دو مقامات کے درمیان گاڑیوں کی حرکات اور ایک دوسرے کے ساتھ ان کے ہونے والے تعاملات کے مطالعے کا نام ہے,ٹریفک کا بہاؤ ان فرادی ڈرائیورز اور دو مقامات کے درمیان کاریوں کے حرکات اور ایک دوسرے کے ساتھ ان کے ہونے والے تعملات کے متعلق کا نام ہے
اگر آپ دیہی سڑکوں پر ڈرائیونگ کی عادی نہیں ہے تو آپ الرٹ رہیں ان راستوں میں اونچ نیچ تنگ لین اور اچانک تیز موڑ زیادہ ہوتے ہیں,اگر آپ دہی سڑکوں پر ڈرائیونگ کی یادی نہیں ہے تو آپ الیٹ رہیں ان راستوں پر اونچ نیش تنگ لین اور اچانک تیز موڑ زیادہ ہوتے ہیں
ہسپتال نے انفیکشن پر قابو پانے کے لیے پروٹوکول کی تقلید کی ہے جس میں مریض کو دیگر سے علیحدہ کرنا شامل ہے تاکہ دیگر افراد کے ممکنہ انفیکشن سے بچا جا سکے,ہسپتال نے انفیکشن پر قابو پانے کے لیے پروٹوکول کی تقلید کی ہے جس میں مریض کو دیگر سے علیدہ کرنا شامل ہے تاکہ دیگر افراد کے ممکنہ انفیکشن سے بچا جا سکے
اکثر تقلیدی چرچ ایسٹر کی تعطیل میں شنبہ کی رات شب بیداری کرتے ہیں آدھی رات ہوتے یی تمام عبادت گزار مسیح کے دوبارہ زندہ ہونے کا جشن مناتے ہیں,اکثر تقلیدی چرچ ایسٹر کی تاتیل میں شمبہ کی راج شبہ بیداری کرتے ہیں آدھی رات ہوتے ہی یہ تمام عبادت گزار مسیح کے دوبارہ زندہ ہونے کا جشن مناتے ہیں
نیکسٹ جین ایک ایسا نظام ہے جو کہ ایف اے اے کے دعوؤں سے ہوائی جہاز کو چھوٹے راستوں پر پرواز کرنے کی اجازت دیتا ہے جس سے وہ ہر سال لاکھوں گیلن ایندھن بچاتے ہیں اور کاربن کے اخراج کو کم کرتے ہیں,نیکس ٹرین ایک ایسا نظام ہے جو کہ ایف اے اے کے داؤں سے ہوائی جہاز کو چھوٹے راستوں پر پرواز کرنے کی اجازت دیتا ہے جس سے وہ ہر سال لاکھوں گیلن انتر بچاتے ہیں اور کاربن کے اخراج کو کم کر دیتے ہیں
آگ سے بچاؤ کے عملے نے آخرکار رات 11 35 پر آگ پر قابو پا لیا,آگ سے بچاؤ کے عملے نے آخر غار رات گیارہ بچ کر پینتیس منٹ پر آگ پر قابو پا لیا
اگر آپ ایکشن کو بالکل قریب سے دیکھنا چاہتے ہیں تو آپ کو موسیقی کے قریب کیمپنگ کے مقام پر جگہ پانے کیلئے جلدی جانا ہوگا,اگر آپ ایکشن کو بلکل قریب سے دیکھنا چاہتے ہیں تو آپ کو موسیقی قریب کیمپنگ کے مقام پر جگہ پانے کے لئے جلدی جانا ہوگا
جزیرہ ہانگ کانگ کے نام سے ہانگ کانگ خطے کا نام پڑا ہے اور یہ وہ جگہ ہے جسے بہت سارے سیاح اپنی سیاحت کا مرکز سمجھتے ہیں,جزیرہ ہونگ کونگ کے نام سے ہونگ کونگ خطے کا نام پڑا ہے اور یہ وہ جگہ ہے جسے بہت سارے سیاح اپنی سیاحت کمر کا سمجھتے ہیں
اس سے گیم کھیلنے والے اس قابل ہو جائیں گے کہ ڈیوائس کو ہوا میں ہلا کر ویڈیو گیمز کے افعال و حرکات کو کنٹرول کر سکیں,اس سے غیم کھلنے والے اس قابل ہو جائیں گے کہ ڈیوائز کو ہوا میں ہلا کر ویڈیو گیم کے افعال و حرکات کو کنٹرول کر سکیں گے
توار کے دن کے آخر میں امریکہ کے صدر ڈونلڈ ٹرمپ نے پریس سکریٹری کے ذریعہ ایک بیان میں اعلان کیا کہ امریکی فوج شام چھوڑ دیں گی,اتھوار کے دن کے آخر میں امریکہ کے صدر ڈانلڈ ٹرم نے پریس سیکیٹری کے ذریعے ایک بیان میں اعلان کیا کہ امریکی فوج شام چھوڑ دیں گی
اگرچہ گوما معقول حد تک محفوظ ہے تاہم گوما سے باہر کسی بھی قسم کے دوروں پر شمالی کیوو صوبے میں جاری لڑائی کی حالت کو سمجھنے کے لیے تحقیقات ہونی چاہئیں,اگرچہ گوما مپل حد تک محفوظ ہے تاہم گوما سے باہر کسی بھی قسم کے دوروں پر شمالی کیف صوبے میں جاری لڑائی کی حالت کو سمجھنے کے لیے تحقیقات ہونی چاہیے
ہاٹ چاکلیٹ بلجین معیار کی ہے فروٹ جوس مہنگا ہے لیکن خوب ہے,ہارٹ چاکلر بیلجن میار کی ہے فروٹ جوز مہنگا ہے لیکن خوب ہے اچھا
نتیجے کے طور پر کسی رکاوٹ پر قابو پانے کے لئے مل کر کام کرنے والی کسی تنظیم کا عمل صارف کی ضرورت کو پورا کرنے کے لئے ایک جدید اختراعی عمل کا باعث بن سکتا ہے,نتیجے کا طور پر کسی رکاوٹ پر قابو پانے کے لیے مل کر کام کرنے والی کسی تنظیم کا عمل سارف کے ضرورت کو پورا کرنے کے لیے ایک جدید ایک طرحی عمل کا باعث بن سکتا ہے
ایک آدمی صرف سوچ سکتا ہے کہ جب کوئی نئی چیز سامنے آتی ہے تو کیی بورڈ کیا ہوجائے گا,ایک آدمی صرف سوچ سکتا ہے کہ جب کوئی نئی چیز سامنے آتی ہے تو کئی بوٹ کیا ہو جائے گا
توار کے دن کے آخر میں امریکہ کے صدر ڈونلڈ ٹرمپ نے پریس سکریٹری کے ذریعہ ایک بیان میں اعلان کیا کہ امریکی فوج شام چھوڑ دیں گی,اتوار کے دن کے آخر میں امریکہ کے صدر ڈانلڈ ٹرم نے پریس سیکرٹری کے ذریعے ایک بیان میں اعلان کیا کہ امریکی فوج شام چھوڑ دیں گی
یہ کرسٹ نزدیکی جانب تقریبا 70 کلومیٹر دبیز ہے اور دوسری جانب 100 کلومیٹر دبیز ہے,یہ کرس نزدیکی جانب تقریبا ستر کلومیٹر دبیز اور دوسری جانب سو کلومیٹر دبیز ہے
سبھی چیزوں پر غور کرتے ہوئے ہمیں تعجب نہیں کرنا چاہئے اگر ہمارے اپنے آباؤ اجداد نے اپنے پروٹین کا مسئلہ اسی طرح حل کیا تھا جس طرح آج لنگور وسیع میدانوں میں کرتے ہیں,سبھی چیزوں پر گوھر کرتے ہوئے ہمیں تعجب نہیں کرنا چاہئے اگر ہمارے اپنے اباؤ اشتاد نے اپنے پروٹین کا مسئلہ اسی طرح حل کیا تھا جس طرح آج لنگور وسی میدانوں میں کرتے ہیں
جب یہ اکثر ایک غلط متعصب نظریہ ہے پیرس میں جانے کا سب سے بہترین طریقہ اچھا رویہ پیش کرنا اور ایسے شخص کی طرح عمل کرنا ہے جس کی پرورش اچھی ہوئی ہو یہ چیز سفر کو قابل لحاظ حد تک آسان بنا دے گی,جب یہ اکثر ایک غلط متعصب نظریہ ہے پیرس میں جانے کا سب سے بہترین طریقہ اچھا رویہ پیش کرنا اور ایسے شخص کی طرح عمل کرنا ہے جس کی پرورش اچھی ہوئی ہو یہ چیز سفر کو قابل لحاظ حد تک آسان بنا دے گی
جس عہد میں یہ واقعات پیش آئے اسے عام طور پر 11ویں 12ویں اور 13ویں صدی 1000 1300عیسوی میں یوروپی تاریخ عہد کا قرون وسطی کہا جاتا ہے,جس اہد میں یہ اوقات پیش آئے اسے عام طور پر گیارویں بارویں اور تیرویں صدی میں یورپی تاریخ اہد کا قرون وستی کہا جاتا ہے
اس سے گیم کھیلنے والے اس قابل ہو جائیں گے کہ ڈیوائس کو ہوا میں ہلا کر ویڈیو گیمز کے افعال و حرکات کو کنٹرول کر سکیں,اس سے گیم کھلنے والے اس قابل ہو جائیں گے کہ ڈیوائز کو ہوا میں ہلا کر ویڈیو گیم کے افعال و حرکات کو کنٹرول کر سکیں گے
یہ کسی کیلئے ایک وائلڈ کارڈ خریدنے کے لحاظ سے بھی فائدہ مند ہوسکتا ہے جو جنوبی افریقہ کے پارکوں کے انتخاب یا جنوبی افریقہ کے تمام قومی پارکوں میں داخلہ فراہم کرتا ہے,یہ کسی کے لیے ایک وائلڈ کارڈ خریدنے کے لحاظ سے بھی فائدہ مند ہو سکتا ہے جو جنوبی افریقہ کی پارکوں کے انتخاب یا جنوبی افریقہ کے تمام کومی پارکوں میں داخلہ فرام کرتا ہے
آپیا سموآ کا دار الحکومت ہے یہ شہر ا پولو جزیرہ میں آباد ہے اور اس کی آبادی چالیس ہزار40 000 کے اندر ہے,آپ یا سموہ کا دار الحکومت ہے یہ شہر اپولو جزیرہ میں آباد ہے اور اس کی آبادی چالیس ہزار کے اندر ہے
درمیانی درجہ کے بیٹس مین سچن ٹنڈولکر اور راہول ڈریوڈ نے اچھی کارکردگی دکھائی اور انہوں نے مل کر سو رن بنائے,درمیانی درجے کے بیٹس مین سچنٹر ڈلکر اور راہول ڈیویڈ نے اچھی کار کردگی دکھائی اور انہوں نے مل کر سو رن بنائے
1976 تک ماچو پیچو کا تیس فیصد حصہ بحال کر دیا گیا تھا اور آج کی تاریخ تک بحالی جاری تھی,انیس سو چہتر تک ماتھو پیچو کا تیس فیصد حصہ پہال کر دیا گیا تھا اور آج کی تاریخ تک پہالی جاری ہے
ایک بم گورنر جنرل کے دفتر کے باہر پھٹا,ایک بم گورنل جنرل کے دفتر کے باہر پھٹا
نیز ہر ایک خاندان کے درمیان منقسم صوبوں کا ایک غیر مستحکم دور تھا ان ادوار کا سب سے مشہور زمانہ تھری سلطنتوں کا عہد تھا جر ہان اور جن خاندان کے ما بین 60 سال تک جاری رہا,نیز ہر ایک خاندان کے درمیان منقسم صوبوں کا ایک گیر مستحکم دور تھا ان ادوار کا سب سے مشہور زمانہ سلطنتوں کا عہد تھا جرحان اور جن خاندان کے مابین ساٹھ سال تک جاری رہا
بگ کی اصطلاح ماہرین حشریات کے ذریعے حشرات ارض کے اس گروہ کے لئے رسمی مفہوم میں استعمال ہوتی ہے,بک کی اسطلاح ماہرین حشریات کے ذریعے حشرات عرض کے اس گروہ کے لیے رسم مفہوم میں استعمال ہوتی ہے
یہ کسی کیلئے ایک وائلڈ کارڈ خریدنے کے لحاظ سے بھی فائدہ مند ہوسکتا ہے جو جنوبی افریقہ کے پارکوں کے انتخاب یا جنوبی افریقہ کے تمام قومی پارکوں میں داخلہ فراہم کرتا ہے,یہ کسی کے لیے ایک وائلڈ کارٹ خریدنے کے لحاظ سے بھی فائدہ مند ہو سکتا ہے جنوبی افریقہ کے پارکوں کے انتخاب یا جنوبی افریقہ کے تمام قومی پارکوں میں داخلہ فراہم کرتا ہے
یہ اکیلے کافی نہیں تجریب یا تجربہ وہ ٹیسٹ یا اختیار ہے جس کے ذریعہ ایک یا زائد مفروضات کو رد کیا جاتا ہے سوالات تشکیل دیے جاتے ہیں مشاہدات کے اندراج سے بھی سائنسی رسرچ میں رہنمائی ملتی ہے,یہ اکیلے کافی نہیں تجریب یا تجربہ وہ تیسٹی اکتیار ہے جس کے ذریعے ایک یا زائد مفروضات کو رد کیا جاتا ہے سوالات تشکیل دیے جاتے ہیں مشاہدات کے انجراج سے بھی سائنسی ریسرچ میں رہنمائی ملتی ہے
دماغ کی پتھالوجی اور فردی سلوک کے مابین تراب ط سے سائنس دانوں کو ان کی تحقیقات میں مدد ملتی ہے,دماغ کی پیتھالوجی اور فردی صلوک کے درمیان درابط سے سائنس دانوں کو ان کی تحقیقات میں مدد ملتی ہے
سن 1963ء میں ڈیم کی تعمیر کے بعد موسمی سیلاب جو دریا بھر میں تلچھٹ پھیلاتے ہیں کو روک دیا گیا تھا,سن 1963 میں ڈیم کی تعمیر کے بعد موسمی سلاب جو دریہ بھر میں تلچھٹ پھیلاتے ہیں روک دیا گیا
جس طرح سے چاند زمین پر کشش ڈالتا ہے جس سے جوار بھاٹا پیدا ہوتا ہے اسی طرح سے ملکی وے برج قوس کہکشاں پر طاقت ڈالتی ہے,جس طرح سے چاند زمین پر کشش ڈالتا ہے جس سے جوار بھٹا پیدا ہوتا ہے اسی طرح سے ملکی وے برجے کو اس کہکشاہ پر طاقت ڈالتی ہے
مصر کے وادی اموات میں واقع جیزہ پلیٹو یا جیزہ نیکروپولیس میں متعدد اہرام جن میں اہرام عظیم سب سے بڑا ہے متعدد چھوٹے مقبرے متعدد معابد اور ابو الھول شامل ہے,مصر کے وادی اموات میں واقع جیزہ پلیٹو یا جیزہ نیکرو پولیس میں متعدد احرام جن میں احرام عظیم سب سے بڑھائیں متعدد چھوٹے مقبریں متعدد معابد اور ابو الحال شامل ہیں
اس کمپلیکس کے کناروں پر اکثرت عمارات کی دوبارہ تعمیر ہوئی ہے تاکہ ٹورسٹس کو صحیح پتہ چل سکے کہ وہ اصلا کیسی تھیں,اس کمپلیکس کے کناروں پر اکثرت امارات کی دوبارہ تعمیر ہو رہی ہے تاکہ ٹورس کو صحیح پتہ چل سکے کہ وہ اصل کیسی تھی
ان کے پیروں میں چھلکے اور پنجے ہوتے ہیں وہ انڈے دیتے ہیں اور وہ اپنی پچھلی دونوں ٹانگوں پر ٹی ریکس کے مانند چلتے ہیں,ان کے پیروں میں چھلکے اور پنچے ہوتے ہیں وہ انڈے دیتے ہیں اور وہ اپنی پچھلی دونوں ٹانگوں پر ٹی ریکس کے معنی چلتے ہیں
