clip_id,wer,ref,hyp,primary_error,tags
36,0.7619047619047619,حکمران جماعت ساوتھ ویسٹ افریقہ پیپلز آرگنائزیشن ایس ڈبلیو اے پی او نے بھی پارلیمانی الیکشنز میں اپنی اکثرییت برقرار رکھی,حکمرانے جماعت ساوت ویسٹ اور فیقہ پیلز ارگانیزیشن ایر دویو ایپی اونے بھی پارلی مانی الیکشنز اپنی اکسریت برکرہ رکھی,foreign name/acronym,"name,loanword"
126,0.7142857142857143,سکوٹرب بس 403 باقاعدگی سے کیبو ڈا روکا میں رکتے ہوئے سنٹارا جاتی ہے,اسکوٹر بس چاستیز بکائدی سے کیو بھی در روکہ میں رکتی ہوئے سنارٹہ کی جاتی ہے,name/number,"name,number"
77,0.6666666666666666,1537ء میں اسونسیون کی بنیاد کے بعد پیراگئے اپنا دیسی کردار اور شناخت برقرار رکھنے میں کامیاب رہا,پندرہ سو سیہتیس میں اونیس ویس کی بنیاد پیر آگئے اپنا دیسے کردار اور شناد کو برکرہ رکھنے میں کامیاب رہا,number format (not a real error),"number_format,name"
149,0.6538461538461539,انجام دیے گئے زیادہ تر کام نظریاتی تھے لیکن یہ پروگرام برج قوس کی کہکشاں سے بنے مشاہدات کے معیاری نمونہ کیلئے تحریر کیا گیا تھا,انجام دیئے گئے زیادہ تر کام نظری آتی تھے لیکن وہ پر اکرام بڑھ جے کوس کی کہکشہ سے بنے میں شاہدات کے محال نمونے کے لئے تہریر کیا گیا تھا,wrong word,"wrong_word,technical"
1,0.6521739130434783,فلپائنی فوٹوگرافروں کے ساتھ چھےاغوا شدگان کو جلد رہا کر دیا گیا تھا ج ن میں بچ ے اور ب وڑھے شامل تھے,پیل پائنی فورٹو گرافروں کے ساتھ چھے اگوہ شدگان کو جل رہا کر دیا گیا تھا چین میں بچوں اور بڑے شاہوں ملتے,wrong word,"wrong_word,name,ref_spacing_noise"
128,0.6428571428571429,سائنس کے تمام امور بشمول نفسیات پر ارسٹوٹل کے نظریے تسلیم کیے گئے تھے,سائنس کے تمام عمور وشمور نفسیات پر اس طوریٹ کے نظر یہ تصمیم کی گئے,name,"name,wrong_word"
135,0.6363636363636364,فوٹوگرفرس بعد میں اس بوڑھی عورت کی جگہ بیٹھ گئے جو رفع حاجت کے لئے گئی مینڈوزا کو گولی مار دی گئی,فورٹوگرافرز بعد میں اس پوڑی عورت کے جگہ بیٹکے جرفہ حجت کے لے گئی میں ڈوزوہ کھکولی ماردی گئی,English loanword,"loanword,name,wrong_word"
10,0.625,اٹلانٹک ہریکین سیزن کے دسواں نامی طوفان سب ٹراپیکل اسٹارم جیری آج بحراوقیانوس میں بن گیا,اٹلاڈنٹک ہرکن سیزن کے دستمہ نامی توفان سب ٹروپکال اسٹرون جوری آج بہرہ وکی آنوز میں بن گیا,English loanword,"loanword,name"
97,0.6,لوگ آج کل پیغامات کمپیوٹر اسکرین پر لکھتے ہیں انھیں کبھی شارپنر کے قریب بھی جانے کی ضرورت نہیں پڑتی,لوگ آجکل پیگامات کمپوٹر سکرن پر لیتے ہیں انہیں کبھی کبار شوپنر کے قریب بھی جانے کے طرح پٹ نہیں پڑتی,English loanword,"loanword,spelling_variant,wrong_word"
138,0.6,پودے فوٹوسینتھیسزکے ذریعہ اپنا کھانا دھوپ میں بناتے ہیں وہ سایہ بھی مہیا کرتے ہیں,پوڈے فورٹو سن تھیسس کے ذریعے اپنا کھانا دھوپ میں بناتے ہیں وہ سایا بھی محاییہ گڑتے ہیں,English loanword,"loanword,spelling_variant"
175,0.59375,اگرچہ گوما معقول حد تک محفوظ ہے تاہم گوما سے باہر کسی بھی قسم کے دوروں پر شمالی کیوو صوبے میں جاری لڑائی کی حالت کو سمجھنے کے لیے تحقیقات ہونی چاہئیں,اگر چک گوما مقبل حتک محفوظ ہی تھا ہم گوما سے باری کسی بھی کسی بھی کسم کے دوروں پر شمالی کیف سوبے میں جاری لڑائی کی حالت کو سمشنے کے لئے تحققات ہونے چاہیئے,name,"name,wrong_word"
160,0.5862068965517241,سینٹ پیٹرز برگ کروز میں قصبے میں گزارا جانے والا تفریحی وقت شامل ہے کروز کے مسافروں کو ویزا کے تقاضوں سے استثنی حاصل ہے شرائط کی پڑتال کریں,سائنٹ پیٹرس پر کراوز میں کسپیم گزارہ جانے والا تفریحی وقت شاملے کراوز کے مسافروں کو ویزہ کے تکازوں سے اس تسنا حاصلے شرایت کی پرتال کریں,name,"name,loanword,spelling_variant"
114,0.5769230769230769,آخرکار ہہت سی چھوٹے قد کی بلیاں بشمول گھریلو بلیوں کے جو بڑی تعداد میں پائے جانے والے کیڑوں مکوڑوں اور چوہوں کو کھا جاتی ہیں,آخر کار بہت سے چھوٹے کتکی بیلیا بشمول گھریلو بیلیاں کے جو پڑی تعداتیں پائے جانے والے کیڈو مکوڈ اور چوں کو کھا جاتی ہے,wrong word,wrong_word
95,0.5714285714285714,ویٹکن سٹی کی آبادی تقریبا 800 ہے یہ دینا کا سب سے چھوٹا آزاد ملک ہے جس کی آبادی کمترین ہے,ویکٹن سٹی کے عبادی تقریبا 800 ہی دنیا کا سب سے چھوٹا آزاد ملخل جس کے عبادی کم ترین ہے,name,"name,wrong_word"
42,0.5625,1920کے دوران زیادہ تر شہریوں اور قوموں کا غالب رویہ امن پسندی اور تنہائی پسندی تھی,انیس سو بیس کے دوران زیادہ تا شہری اور کوموں کا گھالی پروائیہ امن پسندی اور تنہائی پسندی تھی,number format (not a real error),"number_format,wrong_word"
72,0.5555555555555556,لک ھا سنگھ نے چھپن بھوگ بھجن بھی گایا گلوکار راجیو کھنڈیل وال ان کے ساتھ موجود تھے,لکھا سنگ نے چپن بھوک بھجن بھی گیا گلو کا راجیف کھنڈیل وار ان کے ساتھ موجود تھے,name,"name,ref_spacing_noise"
187,0.5454545454545454,درمیانی درجہ کے بیٹس مین سچن ٹنڈولکر اور راہول ڈریوڈ نے اچھی کارکردگی دکھائی اور انہوں نے مل کر سو رن بنائے,درمیانی درجے کے بیٹسمن سچنٹڈول کر اور راہول ڈیوٹ نے اچھی کار کر دے گی دکھائی اور انہوں نے مل کر سورن بنائے,name,"name,loanword"
155,0.5454545454545454,درمیانی درجہ کے بیٹس مین سچن ٹنڈولکر اور راہول ڈریوڈ نے اچھی کارکردگی دکھائی اور انہوں نے مل کر سو رن بنائے,درمیانی درجہ کے بیٹسمن سچنٹ انڈولکل اور راہول ڈرائیڈ نے اچھی کار کردے کی دکھائی اور انہوں نے ملکلٹ سوران بنائے,name,"name,loanword"
80,0.5434782608695652,انسان عہد عتیق سے سونے چاندی تانبے جیسے بنیادی کیمیاوی عناصر سے واقف رہا ہے کیوں کہ ان عناصر کو عالم طبیعی میں ان کی اصلی شکل میں دریافت کیا جاسکتا اور نسبۃ بدوی طرز کے اوزار سے ان کی کان کنی کی جا سکتی ہے,انسان اہدے اتیق سے سونے چاندی تانبے جیسے بنیادی کیم یا ای اناسر سے باکفرا کیونکہ ان اناسر کی عالی میں تبیمیں ان کے اصلی شکل میں دریات کیا جا سکتا ہے اور نسبتن بدوی ترست کے اوزار ان کے کان میں کی جا سکتی ہے,wrong word,"wrong_word,technical"
78,0.5384615384615384,ڈنڈی یونیورسٹی کی پروفیسر پامیلا فرگوسن نے ارشاد فرمایا وہ صحافی جو مشبوہین کے فوٹو وغیرہ چھاپتے ہیں وہ ایک حطرناک لائن پر چل رہے ہیں,دڈڈی انوزٹی کی پروفیسر پامیلہ فرگوسہ نیشاد پرمایا وہ ساہفی جو مشپوحین کی پورٹو اگرہ چھاپتے ہیں وہ ایک خطرنا کائن پر چل رہے ہیں,name,"name,wrong_word"
176,0.5384615384615384,ہاٹ چاکلیٹ بلجین معیار کی ہے فروٹ جوس مہنگا ہے لیکن خوب ہے,اور چاکلرٹ بیلجن میار کی ہے فروٹ جو اس مینگہ ہے لیکن خوب ہے,English loanword,loanword
183,0.5357142857142857,جس عہد میں یہ واقعات پیش آئے اسے عام طور پر 11ویں 12ویں اور 13ویں صدی 1000 1300عیسوی میں یوروپی تاریخ عہد کا قرون وسطی کہا جاتا ہے,جس اہد میں یہ اوقات پیشائے اسے عام طور پر گیاروی باروی اور تیروی صدی میں یورپی تاریخ اہد کا خرون واستکہ آجاتا ہے,number format (not a real error),"number_format,wrong_word"
83,0.5294117647058824,مارٹیلی نے پچھلے دن ایک نئی نو رکنی پرووژنل الیکٹورل کونسل سی ای پی کو حلف دلایا,مارٹیلی نے پچھلے دن ایک نئی نورکنی پرزنل الیکٹرالڈ کنسل سی ایپی کو حالف دیا,English loanword,"loanword,name"
99,0.5172413793103449,یاد رکھیں کہ اصل اسٹیج پر موسیقی کا پروگرام بھلے ہی ختم ہوگیا ہو لیکن وہاں فیسٹول کے بہت سے حصوں میں موسیقی دیر رات تک بجتی رہے گی,یاد رکھیں کہ اصل اسٹریج پر موسیقی کا برگرام بھلے ہی کتم ہو گیا اور لیکن وہاں پیسٹویل کے پاس سے اس سو میں موسیقی دیر تک رات بشتی رہتی ہے,English loanword,"loanword,wrong_word"
157,0.5172413793103449,ڈینیئل لینٹیگنے اس بیماری پر اقوام متحدہ کے ایک ماہر نے بیان دیا کہ یہ پھیلاؤ ممکنہ طور پر امن قائم کرنے والے افراد کے باعث ہ وا ہے,دینیل لینٹینگ نے اس پیماری پر اکوامی متحدہ کے اکمائیر نے بیان دیا ہے کہ یہ پھیلا ممکنہ دور پر آمن کائم کرنے والے افراد کے بائس ہوا ہے,name,"name,wrong_word"
197,0.5,مصر کے وادی اموات میں واقع جیزہ پلیٹو یا جیزہ نیکروپولیس میں متعدد اہرام جن میں اہرام عظیم سب سے بڑا ہے متعدد چھوٹے مقبرے متعدد معابد اور ابو الھول شامل ہے,مصر کے وادی اموات میں واقعی جیزہ پلیٹو یا جیزہ نیکرو پولیس میں موت عدد احرام جن میں احرامے عظیم سب سے بڑائے موت عدد چھوٹے مکبرے موت عدد معابد اور ابول حال شامل ہیں,name,"name,word_segmentation"
170,0.5,آگ سے بچاؤ کے عملے نے آخرکار رات 11 35 پر آگ پر قابو پا لیا,آگ سے بچاو کہ املے نے آخر خار رات کیارہ وچکر 35 منت پر آگ پر قابو پا لیا,number,"number,hallucination"
191,0.5,بگ کی اصطلاح ماہرین حشریات کے ذریعے حشرات ارض کے اس گروہ کے لئے رسمی مفہوم میں استعمال ہوتی ہے,بوک کی استلام آہیری نے حشریات کے ذریعہ حشریات آرز کے اس گروہ کے لیے رسم مفہوں میں استعمال ہوتی ہے,English loanword,"loanword,wrong_word"
168,0.5,اکثر تقلیدی چرچ ایسٹر کی تعطیل میں شنبہ کی رات شب بیداری کرتے ہیں آدھی رات ہوتے یی تمام عبادت گزار مسیح کے دوبارہ زندہ ہونے کا جشن مناتے ہیں,اکسر تکلیدی چورج ایسٹر کی تاتیل میں شمبا کی راج شبے بیداری کرتے ہیں آدی رات ہوتی ہی یہ تمام عبادت گزار مسئی کے دبارہ زندہ ہونے کا چشن مناکتے ہیں,wrong word,"wrong_word,loanword"
151,0.5,سندربن دنیا کا سب سے بڑا ساحلی مینگروو بیلٹ ہے جو ساحلی علاقے سے بنگلادیشی اور ہندوستان کے دور افتادہ پسماندہ علاقے میں 80 کیلو میٹر 50 میل تک پھیلا ہوا ہے,سندھربل دنیا کا سب سے بڑا ساہیدی میکرو پیلٹ ہے جو ساہید علاقے سے بنگلا تیشی اور ہندوستان کے دور افتدادہ پاسماندہ علاقے میں اسی کلومیٹر یعنی کے پچھانی ملتک پھیلہ ہوا ہے,name/number,"name,loanword,number_format"
